path	size_bytes	sha256
blast/CHANGELOG.md	39536	9fa629e05274d42201437c5681664f251cb6939bc3036a60db24b56ebdc3ae22
blast/CODE_OF_CONDUCT.md	8196	7d9778fe2d4c148f4cc064c8b62e7a3ec8c51401514398b4721373a2156bf1bf
blast/CONTRIBUTING.md	13545	aa2e77d7ea56e7cd030498f55ee7518245d2b6c300c944841790f9f5d0bf8519
blast/LICENSE	11348	f44fd94e7ccf9753e145a55ddf826169f6c0b5f89bcf1d02532711adf5bc1f88
blast/NOTICE	358	b4d8ebb6d1f5fb5ef162ea4f27f32cc092b88cd7c27ef3e24fbc89431f6b8756
blast/README.md	13583	9126ff3280313f4832e8f0d75e4d4d6482331ea54e2e5e81e07b342d92b8c984
blast/SECURITY.md	6690	a1b7b7db4e8846fc2b13cc4a5f8ceb0b358f1a37626a8534ed635b4bd1b3a7a0
blast/bindings/go/README.md	948	e927fd1182a02dacbf5ae450a4bdcc91b100cb176f3d9a671531c1cf344b80d5
blast/bindings/go/compose/README.md	2738	8127e80b22131df342dac7012e17a5f52c5a997186b9f809c1465f19cda88ddc
blast/bindings/go/compose/compose.go	7270	db8f73a8fe1f5f23de593cb5bfc2d30ce05124c8c1b668621549cc1651678818
blast/bindings/go/compose/compose_test.go	9712	8cf5145d5ce0aac15d15a69c229d7b6fbea33384a63441140c2291a241dee596
blast/bindings/go/compose/link_ffi.go	463	e0bc1a8b9945e27b50bc9e3c27e18c0a607b7c2f1c716c3d196f8ec878576c49
blast/bindings/go/compose/main_test.go	2165	5b982a866b265be3070272aabaaa04aca53b6f1d6ebe0d4a4b34aac1b18c517e
blast/bindings/go/go.mod	1001	991a99542b81a897d31f40ebb7c6d6fe31221e10958cc9581501d3548fa0d816
blast/bindings/go/go.sum	428	4e5b64b61d88548ba73593424d977ba1332f53a65d8582e2e004ccfe441623e0
blast/bindings/python/README.md	4148	6d1631ee0cbb4d07bf99251adc1bf5fe21f1b540a1c11d5d16b36972d84d0eb8
blast/bindings/python/blast/README.md	544	8e1c953ef1e3291f891ca738906a1d9bec55e8a72f0e1c01434c1c87e552bbe2
blast/bindings/python/blast/__init__.py	1057	1dcd41f432bb9ff699535d912c1764d48451b99691a68e337d714871d393d35a
blast/bindings/python/blast/radius.py	9025	0c163ffb4774e7c34924721d11d60f1d9d7f19bd0601d8980fbe33968f4c41c4
blast/bindings/python/blast/verbs.py	3865	6054902bb01ba4f6af05f1409a7825b6b00a50d79b9563bada6a80dd15ae3d1d
blast/bindings/python/hatch_readme.py	3438	5d49e3afa9c3c69ca56ecae1b18a1061c3630d94a5d9328580c7c9d8992536f1
blast/bindings/python/pyproject.toml	5286	4e454f4e2343ac0162e5b4c32948ceaafe53e1a5ba137db5a76d3c5425959276
blast/bindings/python/tests/README.md	190	7aaddfd2d5fe71d5108d28d287350c59c8f96c3589c13d61361b7223ff1f1a2b
blast/bindings/python/tests/test_compose.py	10985	934a41c266308c7b6f1b5ac50ea636ab5fbab16dc5b7e705c15a8b4bd72175bb
blast/bindings/python/tests/test_description.py	5365	e34061b846cb68dd2264f5550c08952c7b74bb86016fd514c73e901225cf7066
blast/bindings/python/tests/test_packaging.py	12492	6269a52cb2e7076ab356f60b758fac70ce6908aef8843651486ab1581fc9c871
blast/bindings/python/uv.lock	14500	15c4807948131bb6972f0e928c755c513663420fea49fb8e605b861b00fdcea2
blast/bindings/rust/Cargo.lock	5560	fbb166bc36bfe7d1788f5bd13b4f3d98c51234335fe250e22d927c9f1dbd8d3c
blast/bindings/rust/Cargo.toml	2754	8c885c79e7ad1716c621f49ae30f47d05dde792723f31f5bd28d4609f9f1739a
blast/bindings/rust/README.md	1099	c0c2dd193f3ddd49ff6ab09d1cdd8b6c125ace243ce02140bedd6290aaf02830
blast/bindings/rust/clippy.toml	476	bbaa9862fd56283d957dc8d835a7bf20ec527e1043362b48655d1be7f3095c0d
blast/bindings/rust/deny.toml	1480	23fbed4ce4d37394cb25f02e2d9014baf0435e19c3f0653c0b64af90ef581d3b
blast/bindings/rust/rust-toolchain.toml	334	79cf06b4cc38cadf0f113c013629d2ad46ea35c68aca1a5ed71a28e2d4875bca
blast/bindings/rust/rustfmt.toml	1129	df0c3eba5b5e6d1c59a5b866f41e2805eecc00a3aa1d24cb2ff981ea3a7f3b87
blast/bindings/rust/src/README.md	314	574ae00505fb4cce6fb25dc34b5e53260bdc4269089ade08c72735262cdfc370
blast/bindings/rust/src/lib.rs	2942	39ccf355d6f6967f9940a451cd3303a8a08244fa55d53dabc341eabab10ba1af
blast/bindings/rust/src/verbs.rs	8239	c84d1dd795e5d60fd2b41bb6c7ea3814ed57dc6e852bb7aac0d203b9f538c9e1
blast/bindings/rust/tests/smoke.rs	756	48c4db54c95749d8706e990ac7acfea5b26f95b1bdad15aba341594e58c1e82f
blast/build.zig	9872	548a6996bde7a27f391d26c1a88c0557acc8e42366c1212cbc09ece8c743bc70
blast/build.zig.zon	1153	9601db47aecaee1ccbaa08e05b36c762c30a858919a2d3a70192f574d7b7eae8
blast/changelog.d/+the-install-guide-predated-the-packages.fixed.md	1055	447cd06fc4a36c9b9ad78a747a5f6e37a671bbabd309608c803e537e11383f87
blast/contract/blast.zone	2057	851c7f932247ba41b44e1002431b7d1bc02616cb455bef8e5fc820e46b689f16
blast/contract/compose.toml	6712	fe68a8de3263d93910143e337825d95770d1bedb98ea4ffe0ae38f2820f68edd
blast/include/README.md	327	d41d55e8887841668ab999a13046ecb65735537ecbf527299848a210e9595e6f
blast/include/blast.h	2962	0f1e61d85b1b44d09a1860ecf740bc33e1243826c7adf526ccc4e0ead83319ee
blast/install.ps1	3527	7a5269b814e564d43cd723cbfc86359aca5ce74bbd256e59e219fe3d8d106044
blast/mise.lock	6290	72674e31a1433777c9c99760674944a887282f2582387ef3bb61611f4093a9d6
blast/quality/ruff.toml	757	3bfa195621cc34b3a615f356faca0d7acf9d6b7d25050063c5289e7241aada40
blast/release-please-config.json	3886	8e842bf3944ef3a91e6ef16cf81945c9d7d163b72aa8650257ae496fa4074b50
blast/src/surface/face/blast/README.md	1358	fd040dba2bbc6a84047df27b11a1cd3fa1845966915f6e7a6b26118b88bd3e39
blast/src/surface/face/blast/blast.zig	25851	cdca64b6a72043bc3053e543e7dd2482933fbfb5f8dc66cf5037532e0b53b82b
blast/src/surface/face/blast/jsonsafe.zig	4892	c2033a4354a8219a0a21550bd831a2084c7d875b7388cd8daf658d65c1287854
blast/src/surface/face/blast/main.zig	3070	30698ef58a6d3fb9026921afac4f02bcce92bf4f88af4b6c227eefd536ce2c5a
blast/src/surface/face/blast/provenance.zig	12528	89647b21d4120fcbbee5bb65062fe27af978ef33ec6de5457ae12ffda58acefc
blast/src/surface/face/blast/repertoire.zig	10603	a555c11bfe275c47b6ee78da2eb8ec136d57d9febe0001fc497daa7ebccbe76a
blast/src/surface/ffi/README.md	857	ee213664b22fd57155ab098946c2a527844603157b1529d3f9d143787dcd2e0a
blast/src/surface/ffi/analytic.zig	11092	983f573c4a34b7016e2095a87888ec1ba3395bd690079b3eeaf20cf6cd4c8e7c
blast/src/surface/ffi/exports.zig	1394	088a1fef412677a72358bb366d48a8104ebc16f3017f576b8fb750f055e730cf
blast/tools/README.md	3222	f2951c583ba4f5e15790d21eef0406b696e5e681853c5ba05ce345f54536b180
blast/tools/registry_readme.py	8980	6b8af7e66fbdacb11acdc5cbd0b58cf2124cfde00948a8780e17796ad1e29562
blast/tools/version_parity.py	6281	1180a985b6417f98c6d0b80af5843caa90cf189406516561ca7bfcbc798472de
blast/towncrier.toml	928	76c935fa06156fa4052e9aa76317361494ebad938d4f4467982ecb913c756dd2
gist/CHANGELOG.md	216784	56d922d2e34d83ea910fa77cc46bffa630078c03f632b0843d46020ad22d502a
gist/CODE_OF_CONDUCT.md	8233	ac106deaa599076e4648e6d1f7988ea10fa20ae018992e5c973b73c48a200eb9
gist/CONTRIBUTING.md	13759	d1305258764106421a97f8e7723322c8c4faba6499b9c2fac4195d1ab55a2029
gist/LICENSE	11348	f44fd94e7ccf9753e145a55ddf826169f6c0b5f89bcf1d02532711adf5bc1f88
gist/NOTICE	756	bf680aaeb114cc00d4c92f54556d0b5e965647930de5f16d50da6318c6ecd76a
gist/README.md	53076	a85c951f7076dcc740692c1c0f3a088fa9b1e72e9d4d8a959084feb8408feefc
gist/SECURITY.md	7049	7bfb1727f6b14693540ba65c7333f8b7211860249406bfe3140e871359dcf320
gist/assets/README.md	893	b058cc513a71dca4c977d6499e97ed112d2d7f5ce5ac03ac9a2031e024e64b8e
gist/bench/README.md	6115	61f09a5403ca40fbbc06367b46c6cddfcb694695380d0ed5437381fe9391093a
gist/bench/apparatus/README.md	2091	26e600279b7cccec5b8e85d6c9d67ede3ef374a272b124156553d07f3e7e25cc
gist/bench/apparatus/corpora/README.md	4470	b6b143772ea403d2da29ce2530538ac601a44f85b1921fe510eabb401ceb8693
gist/bench/apparatus/corpora/fetch.sh	5926	870a6d86f245fee9aa7221e0b22c4730d7096643acfbac94f7d0df481cd74b34
gist/bench/apparatus/corpora/sweep.py	15457	4ce9bb3d0e94fdc7c402cdd7072d33c0ea00d223a34a55da1cdde39c1227b8f0
gist/bench/apparatus/corpora/torture.py	12335	f15462e3afccbaaa1e84f5fb19a92587d4d7d55236906cc8c4d6601ff901f15b
gist/bench/apparatus/harness/README.md	4423	407d6ac2381b634787b2e86ea2724e50ce7019962301f0199f8391abda3733c7
gist/bench/apparatus/harness/bench.zig	30812	a01ad77b4612e5d4c543504a70f76753a4e1c199ab165e4fbcedec673e46d92c
gist/bench/apparatus/harness/certify.zig	19674	5e511591c99e1989647eb9888b53353efccf417f6d826639b20793c5c6cd7b6b
gist/bench/apparatus/harness/flagbench.zig	34358	ee03c64772202a1e2f45b991a2bbb85b62d59efb320a9b8fdba5bbaaf0a6a925
gist/bench/apparatus/harness/sessionprof.zig	34823	ba5df3afb2f07db296e0a334b579b7177da2e9371d908f7d6859359bcd618a04
gist/bench/apparatus/roots.sh	2427	93e50ff347288aa43e9e6f07ab32d0777e738375e52d02b71ca98d66e5367586
gist/bench/certificate/README.md	11609	08e8be235fdcd3089d39c3ab2ae658139b5305bf6839fc0b2e263edd3750420f
gist/bench/certificate/artifact/README.md	2283	1a25fea952eed1da4853a27b30d15fd8a25c7ed319c3d6c8d6d28f669aae2d80
gist/bench/certificate/guard/README.md	2125	eb2ba279d00aca4d8484b6715b568273c0c3035ee5feb79900794a12d9b20523
gist/bench/certificate/guard/artifacts.py	19173	e5c77fc9d3ad7f1fce36fc5638801e8d51b02838409a12fc4f9d31ad583f3517
gist/bench/certificate/guard/layers.py	4921	6263e1b03773f81eac3dbefd0fb35335167d12701bfba00b65ad8e45de56e0c2
gist/bench/certificate/guard/ratio.py	10615	41569814053fb0a98c8c07d39b3eccf62568641ebf5eadc0723f1ca3a4b22769
gist/bench/certificate/guard/ratio_baseline.json	753	3059c920cf2a5b24f1b62416bc0afef358570b24780c7d17ef94298d8e36ad2c
gist/bench/certificate/guard/release.py	9981	2d523d36772d179e569c8b38193d233febefc1f94eacaf6ad4cc34b33a45698b
gist/bench/certificate/guard/test_release.py	6333	5dcee95008ef7a119886305c4db3cee56331290ee82b5b7eaf7f0fed7544e397
gist/bench/certificate/ledger/README.md	2315	a47c2b05018d28b4493c22f028f39e5becc23969d5b2c0d35d4799ae2684b5a1
gist/bench/certificate/ledger/ledger.py	22136	7b3659a481c5f7e8baab47a83849df896131ed10a258471bcc70dd3f6cc2e156
gist/bench/certificate/ledger/test_ledger.py	14161	633004f9fb317b0100161de460ce639d0147fe45f4422a73bf2024aa2894ba44
gist/bench/certificate/mint/README.md	2395	c364bdcfa0de5859e87a8955c1caf8ca10daf6e904436e30649e9f1776917587
gist/bench/certificate/mint/crest.sh	2666	58a569e35154d487f6b9414c3abc9ae54a3e2551523c88b172e5c32dac25e3f5
gist/bench/certificate/mint/mint.sh	21229	f4ae58992ea68f6b772e1738425f34c560d66eec0b55b0810eca7930c4f1e84a
gist/bench/certificate/mint/rank.sh	7210	603010342bb1825981749cf753cc9fa20cc9fe832a1b768e28ef4581af756099
gist/bench/certificate/mint/relate.sh	6182	c502f32c5dbaee54dd5806706411566127695c929145f566920b3302bdf9a84e
gist/bench/certificate/mint/splice.sh	9112	db1fa3a5de0e8b747671cb20c219fa93ac0a78fb7adad385a677d463703d9637
gist/bench/certificate/mint/warm.sh	10160	0e2d895685ad615b85a7f6127992b7b467bbaa1734f8464441b9b64d703d322a
gist/bench/certificate/report/README.md	2050	715eaeb272c39b36db84ed27f7ae4d47cf5e92ef7f35127d08828419c7880ffe
gist/bench/certificate/report/codex.py	17532	e3913fa82eddd9b011cce2260987c67a001bdd266593cd997a85987906d57ca6
gist/bench/certificate/report/crest.py	8289	06a113c3bd50e1e7b095cbf1313af81daf2b82ae768611813f51468ad5bfd2fb
gist/bench/certificate/report/indexq.py	23738	545d220f77aebd5c5ac22fb34301968a90f47ac822147ffbeb3240a1296c3d4b
gist/bench/certificate/report/multipattern.py	26547	7880c65d0b104c20d9b83c122a21706e81298dd9a720639535496dc211841047
gist/bench/certificate/report/portable.py	27909	0d4723380ff93c9e4d60a046a8c6b001919782e9555c3f08209bc0f8ed482194
gist/bench/certificate/report/rank.py	17345	d8b66c42a2e9d9961004ec0f09088bd031ac54366d12228c8bb24447a4127627
gist/bench/certificate/report/relate.py	7395	ead634192d083775ee171657dc12c4ea4ec44e4e198eb3e7f9c3e330de235f0b
gist/bench/certificate/report/scale.py	37584	e0eecf12a1325c769e8bf2817504fd737e181c7d6ecd7f3ff4fcef458ff9cc25
gist/bench/certificate/report/scanner.py	32956	f52684b360817177d3447e0077cb7e269eca974d42bc8de844b9fada1ea9cd6d
gist/bench/certificate/report/stats.py	12289	c2ef35b1cefef5fc226413e0617ffa0a22d9ce8aa8b432ce0c2beba4a5d9bb20
gist/bench/certificate/report/test_crest.py	1184	7dfd2d44c2ab962ef097809bc75ebd19aa5601c7e0ab6bc7ab1c48481ecb4f70
gist/bench/certificate/report/test_scanner_residual.py	8262	f4a17799db13c48a32867f6705594ea84142818c18b394b240f56a2ce719dca3
gist/bench/certificate/report/warm.py	10767	f7400cf073632ba89975ff316b0017beeefe0cb210455c3f3c4220228aeeb3b1
gist/bench/conformance/README.md	2835	fd354297c70833e6b7d5dc2afcad4a2dd6ef203d172306f89c3a1d941874f67c
gist/bench/conformance/diag/README.md	1667	0f08f2855eb9de10537d78373e8c210ca6c59cdcc70ae4d6242f410477e641d1
gist/bench/conformance/diag/golden.py	6283	cdea7b50158b7866bab5baf03fc36a3fc1307fb7ada9f34906d1bc20f0ee61f4
gist/bench/conformance/diag/golden/gist-rank-live.txt	68	370e6cd136d02c4d2b7841e3e9d0389e462a4a1c7f584d03f96c1f5bbe5c5f64
gist/bench/conformance/diag/golden/irregex-blast.txt	144	ade460ea3b71310e7be74b7e5e81429e7a151ecf8af2e59dab21ab8cbd609f7c
gist/bench/conformance/diag/golden/irregex-context.txt	128	e1fd4c1728fa2be44437827071a2c115b43d9aa464fa74ff058514b38b33f7af
gist/bench/conformance/diag/golden/irregex-family.txt	124	526aaf310e746135945b2a6bf56290d5ce9a09fdc9f6890a49df3169104db0a2
gist/bench/conformance/diag/golden/irregex-provenance.txt	203	cdec24bd918f977fd5ed199f7e03fcbe50e3edd0a1b12df2af8820edab8582e1
gist/bench/conformance/diag/golden/relate-clusters.txt	82	c65cfa168ffaa295f73e8dfe3b1469a7459fd8fab02df26d78972de0fb5156af
gist/bench/conformance/diag/golden/relate-dups.txt	58	5f8e5c73867cb8dbc5702a189b0a205f1984ed5793529df604d23ef403178d45
gist/bench/conformance/diag/golden/relate-echoes.txt	60	acd267209aad5400ee305616c121f1320d0a113f2b688100d286d3307de1c2b9
gist/bench/conformance/diag/golden/relate-pack.txt	124	d355d7cf03ee6443393dd8e1813ca1e79192ae969c94a1d42776b7b619db1f5d
gist/bench/conformance/diag/golden/relate-patterns.txt	56	047b3ca8ed8a09330e0dc77560468af734938115852d633871a911840f04cc75
gist/bench/conformance/diag/golden/relate-search.txt	83	cf9a1d4fd2067b9111baa61fb7a98318af2df7ffa3e66f24f6a7e1eddfa938a4
gist/bench/conformance/diag/golden/relate-similar.txt	59	63b482db42967e998f6760ff0c18c8176e32f239881005f13bc5b0d84716b0a4
gist/bench/conformance/gates/README.md	8739	86e6960d91637e41374b0ca31093ba04e00dce774706d819da0f273e7b031f20
gist/bench/conformance/gates/contract/README.md	2075	010189765c10d831f19374cf96c73b94a1bb0e77d3c3711c70345f55337f1927
gist/bench/conformance/gates/contract/ci_order.sh	10190	45b875305b1c53b38b9e1b07480c2bcb7a6493289e64fa9ee07117262d1b83ea
gist/bench/conformance/gates/contract/enum_determinism.sh	6318	e7268ff6d1e6c367a0e6b1f163e5cdb91de7f2a7270b3936757adb7de17c7c11
gist/bench/conformance/gates/contract/fail_closed.sh	8346	e1ac2c2b6ccf04aa6582f1353fdcf8a31d6a9b58f99dff681991791ab989fce3
gist/bench/conformance/gates/contract/freshness_fs.sh	13854	7484d5bc3a77bde75a38f3a1f873dc3e9cb6e54cc829bd22bedb1b9ebf93ccf3
gist/bench/conformance/gates/contract/streams.sh	9254	702b48d83cd2bf81c3f577d47ced221d9172094e3af0bbf35649947aea9f9ab3
gist/bench/conformance/gates/oracle/README.md	1029	8a08ed6ddcef93075b2b88b58fc14ef8bf8c2391a2078e820d0e72d1de0d96d7
gist/bench/conformance/gates/oracle/index_size_accounting.py	5189	be1ffd1f8c02da4a8ddc74ffe6a2418e7ffc4575c4537c3da699468511140983
gist/bench/conformance/gates/oracle/indexed_pcre_oracle.py	18475	c99ebf92e08d26873a1dcf19bc7cef07c7ff143ca39c2e651b42613d4445a73f
gist/bench/conformance/gates/parity/README.md	6448	f9acf87183bcb29ca360bbc3b4dcde7ebe43fe013e84f78ca14d73e3a7db4ec7
gist/bench/conformance/gates/parity/equality.sh	3113	31dd6e26edaac7088f97babd3cd68582cdb43227a77fef1b80cd8d6fd949c3d8
gist/bench/conformance/gates/parity/index_elision_parity.sh	8855	0cb297149e6d8a6e487e1fef580c319247b7325d826be79cdfdeaf0a44c79536
gist/bench/conformance/gates/parity/line_parity.sh	11179	914573f0e3a5b148a33e9a1b9f9bee8acb3e08113ec849da4b2f6bc497716ac2
gist/bench/conformance/gates/parity/partition_parity.sh	16019	912ab08023f630b9540b964e218780789a84ef875232003b5ab148e42e5448f0
gist/bench/conformance/gates/parity/patterns_corpus_parity.sh	17294	d6d75e74110ba9659abedbf3398676172057806495ec8b1e3e66629ea8fb2cfd
gist/bench/conformance/gates/parity/phantom_walk_parity.sh	14022	649e9838590982c8b7c9dd324634718e109904c4ee288de47d13bb1ffb2ec172
gist/bench/conformance/gates/parity/scan_regress.sh	5847	ed8bfeea64d535e2eca3baae034bb3adc637d64bb1027a5f5a0740f6450b4b1b
gist/bench/conformance/gates/parity/type_union_parity.sh	10038	4ada5574b927e66abad2469a9cc03bc20b8e69f879170ac7c71af866e4a234d2
gist/bench/conformance/gates/parity/unicode_parity.sh	5607	07dfef176237fb2526616f4ef5ec5d06bdb8e31d6c9e41804350da81c70faa88
gist/bench/conformance/rgsuite/README.md	34655	d26e356093dfb68adb4337477d16b828187d52baae30f2202ee90bfeae7baf4e
gist/bench/conformance/rgsuite/_oracle.py	10385	d4cc23c397d41eaf4b03a616125062ed5bb3ab9da8fc761234a7fccefe133834
gist/bench/conformance/rgsuite/check_results.py	9001	62c56335b20eecd03903ddd05ba919f0f82a4a88d05c695c9e35b4dc02b82acc
gist/bench/conformance/rgsuite/coverage_manifest.toml	6139	fdfb3b3d9ebf3a2ee980b2cf3ffa0eeb17dc68ce215a5082f2efdc6097aef66e
gist/bench/conformance/rgsuite/dbg.py	1771	a748ecb546992a11671741d87d9615ff233f0907d2e59ca3e0ce622470963c1a
gist/bench/conformance/rgsuite/flags.py	27477	27ced91727349f8df15ff959c660b558096883d9eb4c3697d0adb01c95fecf77
gist/bench/conformance/rgsuite/fuzz.py	26407	1af8b37844bb049845de6c676cbcd29575ea76810c249dfc5398b057792d1ace
gist/bench/conformance/rgsuite/fuzz_baseline.json	907	38e208ec32974532ef41de79c3b1ad02c7e5bcbbcee4c468e55c74443c33f5ca
gist/bench/conformance/rgsuite/mine.py	23031	9c3c95e7a771f62b675d54b39401c980e385444ca7348ff1e3d115142abab3a3
gist/bench/conformance/rgsuite/modes.py	18209	f456649cd5bbd09ab0471bc37673e5f5545920dabad5a886c886e9f04081e1c0
gist/bench/conformance/rgsuite/results.json	74325	983b23a872e43774e6e9abf15e87916118cf67e8690a704c5318d85a39635596
gist/bench/conformance/rgsuite/run.py	15401	9b73f8e9ba57cbdcdd10cf624eb4ff09a783e76d73725cdbc7b0e9bed5390b0d
gist/bench/conformance/rgsuite/spec.json	3631628	f0e80e089341b509dc71a9667dbcb9483551f263a5fc9fc1f3c10c95b73320c2
gist/bench/conformance/rgsuite/stress.py	15884	75c56011913034dfbb8ea8591936b9c0e38a3feca210687d654433f2fad7e8f5
gist/bench/conformance/rgsuite/surface.py	24562	66f225b0956695562baae2e9cc86dd5430994fcf89be3bc2577a0836669b9be9
gist/bench/conformance/rgsuite/transforms.py	24781	fa2616885be4a501fcb0d3fe59b045dabb7971db1e19228f75b12ae7fb0085e3
gist/bench/conformance/shapes/CERTIFICATE_MATRIX.md	6190	45e06c13c23454e0453f4bac60a2d06c2db4d1f3555fe1194a3cadcd05c9979e
gist/bench/conformance/shapes/README.md	7626	8ec7ea5c69ccbe201a1df4a3f148021dd30dc4456c68f5abb8ca015802f4a9e1
gist/bench/conformance/shapes/baseline.json	2370	272d95af2f9b41b7acd447eb1a802d8f2933868cfb2008ef1621c010d18cefb2
gist/bench/conformance/shapes/shapes.csv	1244	4d44e0727a99894aa4991d65a35c4c4774c7c9fe880c09d9ff822fa889903fd4
gist/bench/conformance/shapes/shapes.py	21326	b26e8ed7a18e52c5661b06959fe0c2b46ec0f9e9f5a99c2a3fd48b9f899dc17f
gist/bench/conformance/shapes/shapes.toml	17591	f5db8006b9a1e19ef38a8fa02132434cbea23a25b9f6e36b376bed4b99d4fb22
gist/bench/conformance/targets/README.md	20717	9c3022783be0b4d49ded41ddfc7050c9c39b62116b0500aefdd4151ec0724c3d
gist/bench/conformance/targets/corpus.py	6361	5e5504634df5f6bb14237fbd09e9bdb756d93dfaffee4a37d8ba25ca2971defd
gist/bench/conformance/targets/crossbuild.py	8714	3e4c5eba3f1fa3587e703c05f22866b5b44736952d1c85f5cb500c715458b66e
gist/bench/conformance/targets/matrix.py	10137	f2864ee11ffa521a29c791159d5e4921d890f9f6d1190ae2f8396fb5f95930da
gist/bench/conformance/targets/objfmt.py	7522	776f2c3b81bb4d1c9a8a3af4b2883a54a70103471dee969d6587ffc5117811c9
gist/bench/conformance/targets/portable.py	21863	dba914205238540efe352a9f92a5dc450f542694a51506b94f043cc5ef078ca9
gist/bench/conformance/targets/ripgrep-matrix.json	6272	ec0cdbd64ebb2ac88d015dabe486796c1d1e8cfcab8a914db01ce9cfce21648b
gist/bench/conformance/targets/slate.py	10202	1d442ff9f7bf2032304cf36eead98912c0807f176e7d0cd7c5b9d83f248b3506
gist/bench/dominance/README.md	2341	97bd79a929cdd31b4ae6e6c17941a24dc556ef2ab0f6f9f6157aeec752515f4f
gist/bench/dominance/evaluate/README.md	4636	c0f03e7abd6549058192f8def2a45fe2d5625006dc2239b9d143a820d95484bb
gist/bench/dominance/evaluate/artifact/README.md	950	36b488a600970db9f24daa5663713665b80466957090e4750e100b0d273f3736
gist/bench/dominance/evaluate/evaluate.py	14373	20a24406c0d97e12469b4b4bc7ca78d30259d8ab05006ed1f7b23ab178c748ab
gist/bench/dominance/evaluate/provenance.py	9399	8bcc9f33b0eceb4247fb2c3c45fce1eadaa6daead46216f4e47373b16f276285
gist/bench/dominance/evaluate/regimes.py	17271	6d074261e57f4dcbc8fca866847d3354cbbe401c11acb5a552c3c064ad0908d9
gist/bench/dominance/evaluate/report.py	14847	ad1dccec55eccf6f4184492f66dd2b7bc78e9276f70fef15c5d1597345e47f6a
gist/bench/dominance/evaluate/test_evaluate.py	7807	5b2fac6b928c1fb867822166184e095091393798dae0a91439acdae8258b21af
gist/bench/dominance/partition/README.md	6207	febf8dea5e36e5f6605582dd00ed15e6cf4061f9cb0a94480372ea7a07b603c1
gist/bench/dominance/partition/certify_partition.sh	15203	de166a61a2c374d141f2055f115d6b0a047f7241c189f737cf0f61b0dbc485a1
gist/bench/dominance/partition/fixture_expected.json	264	3d45e964debaedea8b7625273c0516ef862ca6b16235d06ac616cdafd1d6c1b3
gist/bench/dominance/partition/gate_partition.py	8346	75b9534744d14b6b18090b1eb7a3d5b24080d37175c8b6a4b69080fc9251a65a
gist/bench/dominance/partition/partition_baseline.json	1253	0117cb2796e18e6539676caa86f017d446bb2729b2c6134d2c702f51a4775bb9
gist/bench/dominance/partition/partition_macro.csv	107	00741d5baf2afb7a98ac351a2dd9bc0e1cb026c02f3cac344fe52a9000ee8857
gist/bench/dominance/partition/partition_meta.json	969	d9f9c2212419292abf4cfaa169d3812510d7e53e4e05559514a0702dffc7adff
gist/bench/dominance/races/README.md	10180	03f2ae2cac9de4fea7274340d2b9d954aee41ef06aeb01cd50dc2cf9b5037c79
gist/bench/dominance/races/artifact/README.md	2670	a05c18ae30d6523bc340f8532e4d11747f3fcb1549f9b73e772ac64328066c64
gist/bench/dominance/races/artifact/cold.csv	1829	0fbc5be586dd916f5b473f982f721006cd4ed0e91a8933c3113a73155cc129bb
gist/bench/dominance/races/artifact/regex.csv	5094	3f0d50d16f712465cc39606d14bf64dce65b2b5bad72f5d52419e32a8701cc5e
gist/bench/dominance/races/artifact/scan_progression.json	1148	13c52f4a9204447800c769db3ee8cb9113b8aaae2bdd3c1b718f57c4a3205098
gist/bench/dominance/races/artifact/warm.csv	1339	26ae3c298afefd220516e2ac914cebe3a36c9172bb174796fb64ba15c6b75778
gist/bench/dominance/races/cold.sh	6038	ac3f7f8f2678f34475ee8a7b4d53c968587e1c4dc9de804429243749bed37a45
gist/bench/dominance/races/field.sh	21971	15bae5f770798ca16897a1d40f071cafc374039cf762c2b14466660dea3ca11a
gist/bench/dominance/races/multipattern.sh	20929	54ef202dda0707ae16fde461acda37b0332d8fd603af226fdd5c138f18d36524
gist/bench/dominance/races/pcre.sh	4657	41a61730e9187ae3b5f19fb0eb1ee6d591d85ea90d7debfc3d357676a1908fd9
gist/bench/dominance/races/regex.sh	4755	550d7b46881d5043e71e58f8cb32e90bbd25d8bb25bf19504d69a11f92fea81b
gist/bench/dominance/races/relate.sh	7713	b98fcad4631ea8517670d097776ce1868dcd1b7b814d750bf264c2638e5d8d73
gist/bench/dominance/races/scanner.sh	18602	f279c5e02d508fd789494d78303d2d433f12abeac0d1339a1540662ff4f44448
gist/bench/dominance/races/searchzip.sh	5492	27a9c1fd5d99afa4f37fbc9ae6c758b8fe622ce342a3eb2cfde62324751bc636
gist/bench/dominance/races/warm.sh	3871	0c65c4cb5c0adad329fe477e62db24d680379cf1943a1ff8205288f24651ea7b
gist/bench/dominance/session/README.md	5158	484f8f6c7c283c1704040c1cc87d1d8174ff52ddfca59f52535d6d607ee9a689
gist/bench/dominance/session/certify_session.sh	10314	55bdbe2ca9cfe2071669e951acf750bcdefd3fedfd92d92a7970d3b1f4851e5f
gist/bench/dominance/session/gate_session.py	5296	d2364530d7f82a4e29cdb6ca1ae7d19c7f57bb912b64380eced17f9d47f81678
gist/bench/dominance/session/session.csv	387	6e3c2b3df09bec5c632ee812835521490f9acb59760973699a4a0ea3cf7673e4
gist/bench/dominance/session/session_baseline.json	741	0f63c95eb8b18e315111a97f42978038b5aa82a713c236d5be46bfdaf373d864
gist/bench/dominance/session/session_count_macro.csv	724	fb0b0d3ee3c174eefc82fee75e34cffc10607f79f2ffae17efe4c70a44b1528d
gist/bench/dominance/session/session_macro.csv	710	30beced8f1302ca23e0596c02d9b1f7423bf19a66867e20f3a6b973b4671ef94
gist/bench/dominance/session/session_meta.json	143	02d41401a1bf010bfa401be4d57e2806f7ab4e2d60f850826b951e2f5cd1de07
gist/bench/rungs/warden/bench.zig	7716	a9535f4dc565263c38354f158a7e04fc627e55e58b9e41c3caea48a712d506d1
gist/bindings/README.md	2005	15182e877c697ae27d9b92fe7c00a5c786173dd85188f3a85d3452ff329e1c73
gist/bindings/go/README.md	2758	5b4d68aa514262d0952430ccf967309bf5628a2f56ad01dd26d0fd802330de6c
gist/bindings/go/exact/README.md	1763	1d824b252d69b1720795c3add7eb524aea52fb974890b2da1a190cb1d4359ad7
gist/bindings/go/exact/engine.go	11671	16b5bbcd421147b86ac44aec47c990e0ed9508f440026fb640af3bed573dcfec
gist/bindings/go/exact/engine_test.go	9918	129158f463a1cd1b5dc3fcbd9f433d02bf975929aec7c286d6bf877283809459
gist/bindings/go/exact/ladder_test.go	3261	684514d5830edc7de580379d70dd790c606dd5049c3b6c5acf072d71281d5ad0
gist/bindings/go/exact/native.go	5214	4f1a6cc9e28821722915dd54167509ba26f92812c9705ce1d9e5ec58069ac5d6
gist/bindings/go/exact/native_stub.go	311	b6e99c210e7218b8b2c1c7ab96ac9b10d99ac7562b8f7ed523373743eeb8ab0a
gist/bindings/go/go.mod	1305	3342afcba0388e3c2b218e3de00f3ee49e7d16a17b54d662bb12f08702568d4a
gist/bindings/go/go.sum	215	73e10e1e36eeb9f6609699d2153b505d55d220bb8efb23ecafa0d45a02511cbd
gist/bindings/go/index/README.md	1508	08d84e1c20e4c339b5c15500a55359857b9e6786dc7f6f36998a5bb7f5860953
gist/bindings/go/index/index.go	6687	24d8a2527dab5358f58f14c01c2e0b261f7e4259b9faf9e997850eaf1bcea9cf
gist/bindings/go/index/index_test.go	5355	f3dbb69cc9861284330dfc4c822dcebf7ce6e206258b34293f02d537fd13c905
gist/bindings/python/README.md	2952	d0ada41df67b5cac1fde79374041af45b74a32c1c20e461b372c33d6a5bcedfd
gist/bindings/python/gist/README.md	521	6742aa2f68d4ac1ad0d2066b91800de76d61cf2d7d06865044ae342627e9e45f
gist/bindings/python/gist/__init__.py	5377	dc8612d6f47bd96e189b88c571ca35b777f188d826e7883feb39e19d17106dea
gist/bindings/python/gist/_contract.py	2527	8ac6a6a0b4cfc77e20e728bceb70e4e5c60c49e8410bb58450509d92c780e9b1
gist/bindings/python/gist/_daemon.py	20895	1dc0b322aab30bd34a50692ee11bbeca2df29f611ab7906e749e8a8f1ec1e834
gist/bindings/python/gist/_native.py	16735	932600f9476d723f5a4c4c63c074f8c2aab99b83a9a0f6970a8b43e28c51a242
gist/bindings/python/gist/_substrate.py	2287	0e3d48d77c64789d92c9caa397703a443229d1c2be3aa3e240b51e38b94ce6e9
gist/bindings/python/gist/agent.py	2797	d30b2f8ecf7d3882106722eb41c8cdc9ca38831c8ac4e0e0f9a035b3f9fbfab3
gist/bindings/python/gist/exact/README.md	547	9bdfe4b9f05df557b5d7ee598bd3dbf914070e1db2223dfc7fa84f140600abb1
gist/bindings/python/gist/exact/__init__.py	570	2cf3645422325e66e30c6801440b458769b964dbd9ca32dfa7a2f8be7c731bb0
gist/bindings/python/gist/exact/aggregate.py	5138	26aff9c728dabec404e8a881af2be73cc06222086d37a12731fbd9c5671e3f47
gist/bindings/python/gist/exact/cursor.py	16566	d2cb512b4bfc07133051383a0b5cc1016dfed2a077344889f05cedd174618dcb
gist/bindings/python/gist/exact/ranked.py	1919	2533a14e779c521eb6b54aeea1c04067542c96196851f4cdaa66d7b66c3ec77a
gist/bindings/python/gist/index/README.md	292	5a6456c42fc25eb2566d50e1445b31bf70c3dfffd23b013d6de7692cd178f417
gist/bindings/python/gist/index/__init__.py	335	f1a353a5bc0c31596901b01956c53db3867e0b2d4cb67fd176bc1b28bbc65ce6
gist/bindings/python/gist/index/lifecycle.py	7537	5750c2ed3a01d6675feab39006e1e02719b68724d9c2d4db3f971497c92cfb3c
gist/bindings/python/hatch_readme.py	3438	5d49e3afa9c3c69ca56ecae1b18a1061c3630d94a5d9328580c7c9d8992536f1
gist/bindings/python/pyproject.toml	5230	57d4a73720cfd302503751817e609cc56d0489aa13f673939abfea9807e90349
gist/bindings/python/tests/README.md	1252	518d39eff8d8a07c78e3b74d16817dc692a956a1ae6035f894e7c9449e5f9a95
gist/bindings/python/tests/test_agent.py	2784	08ac09e39d97455efc14d2a7931bf7e59916dbbf5c6de097861737f4d756b93c
gist/bindings/python/tests/test_aggregate.py	6665	e01d6f7b4c18fa5fab7e0c19ee57d0d6a378a32c75cbbb3a15923eb0c4d7f39e
gist/bindings/python/tests/test_cdef_header_parity.py	5471	d2c13a2463bf2df071804304d7e869954926cb0918ea57ee03cb8ed0c9990219
gist/bindings/python/tests/test_classify_parity.py	12098	c85bb88b74ae3aade029ae894018afbed667592c08d5563f120d8178a61a7433
gist/bindings/python/tests/test_contract_surface.py	5020	1223a9289dfd5cbe81434a3f20add41cd06f4f4414b4a60254c91c5465e7ed4c
gist/bindings/python/tests/test_cursor.py	6752	896982b33cfbbfdfb19be026e66675cc9883df0b4835fa5391071e6a88373165
gist/bindings/python/tests/test_description.py	5365	e34061b846cb68dd2264f5550c08952c7b74bb86016fd514c73e901225cf7066
gist/bindings/python/tests/test_ffi_parity.py	13930	8cdbc402c7efffdec0c6de42bc33452b87ad73b601f2be7b20239a9d8143611e
gist/bindings/python/tests/test_introspection.py	3770	fe31897e7d38bd87ef0bd1efe07ac67e876fd640210e9484b77882915b56041c
gist/bindings/python/tests/test_packaging.py	12485	b2d8a67ad8360014b48d4978a92e5f8745037a753e2a72bcdcce69d03e3cc8d4
gist/bindings/python/tests/test_rank.py	4963	905b88ea31b5c914005bad7b60dc6825ee41244bdea0a12a3b5385b494a59d14
gist/bindings/python/tests/test_rendezvous.py	4444	da74b072f00d68f5819d2880d9c8da330e707bea3ae4ade855b2381a6e40190f
gist/bindings/python/tests/test_search.py	7141	82ee98f31f576a5306bf496d45add70d71d19510ee5cb71bf623401dfd5cd8da
gist/bindings/python/tests/test_session.py	12853	d70a341647e69bb4a46c5dbcb8b883e742bf5651283cc206226e387a5df5b7dc
gist/bindings/python/tests/test_span_parity.py	3645	f809dc799e47beac71075b8cf8c2c667145093b3fe28382c8d8ca6895495ad9e
gist/bindings/python/uv.lock	37988	ea65f5cdb05aedae8b02bcc502e59bbdc92ad8f4e3a716c912af031ce4241b72
gist/bindings/rust/Cargo.lock	7654	1ecc38ff35d12add26817460524066d723007038d2951608a4edd83e9e875312
gist/bindings/rust/Cargo.toml	3767	644163306522b9b9cdae149527ab75701c8cc560cbf7cbe275a9add0c6c69711
gist/bindings/rust/README.md	3645	6b0ef0c9d62447358c0232d35d4916843bbf77b2ae8ecb96506637e5e864e851
gist/bindings/rust/build.rs	2276	b042a538d858a19303d418708999261c668e97cfd4ed51fefe6cca87e380be09
gist/bindings/rust/clippy.toml	454	dd870e7f6abe37c61648651e480f11e740f32b2e7231e59a4690ba5faf4c17af
gist/bindings/rust/deny.toml	1930	19a09f1a97c98c6a705b5de124eb76f348e0fa2266498ad97ad8c71bf1952177
gist/bindings/rust/rust-toolchain.toml	334	79cf06b4cc38cadf0f113c013629d2ad46ea35c68aca1a5ed71a28e2d4875bca
gist/bindings/rust/rustfmt.toml	5615	9aacd8502b88b7313f794a3bf526114f1827384fd1eaa9f65145029b1dff9960
gist/bindings/rust/src/README.md	666	c14885ecf218feeae6141502f58ef5cb562d7151ae28e0c70b5a6dce5d7879a6
gist/bindings/rust/src/contract.rs	2016	26d87177231a1e7564536d56313b9bd8f1d740d962b3762f05ab7c38f0645a68
gist/bindings/rust/src/exact/README.md	873	91c155476999ad756c60ac27c697d86e1dd78c4b8ff52743b63987ed9aba659f
gist/bindings/rust/src/exact/aggregate.rs	7040	220c26b09cf9ee84194ada380b00d5487539eb89535d9784231f448831c03834
gist/bindings/rust/src/exact/cursor.rs	17509	7e1c48618e6f2d288ad26565387ef82f1d1bf4a22e1d257b9f2b55d467e89f00
gist/bindings/rust/src/exact/mod.rs	714	56f5842e77fe4666727112ecdec124f89a0580fb779185c53451f616fa02a42a
gist/bindings/rust/src/exact/rank.rs	3994	85004bfae5f615a485fbace4aae1d43310c7af7b1bd4649ce3e73bf2222ce8f5
gist/bindings/rust/src/index/README.md	1420	3d407c6ef9582390650cae82f8ec02d410e5cdd892ec5ead7ab201bb4aa4288d
gist/bindings/rust/src/index/mod.rs	3617	a2c6bdca92942ce27f563a4b93134dcd9c77fa86829c349a10af19422d2fcf32
gist/bindings/rust/src/lib.rs	5991	a938fd95aa5503f76b0ec239f29b3af4649c757f2f17064c057d0dbf1c3a5036
gist/bindings/rust/tests/README.md	1164	16cb41f360400a9b4cee5aed50bd2163dd38de85eae6c77916e538257bf4c0bc
gist/bindings/rust/tests/aggregate.rs	5415	8d3f24994ad592e14866163a1219c11916176369a3e66d787b124481a100d17f
gist/bindings/rust/tests/contract.rs	4013	ee99f4860b85704ffd766e4c52ad378470af1fa454b33c35ce12bc76d35fe1b4
gist/bindings/rust/tests/cursor.rs	7941	6de5b1fa1309ce9326ac63b6ef9992ad24cca92ef174201d94e345b5f8112707
gist/bindings/rust/tests/rank.rs	3381	23d0374a825d8fd9d8deaef750d00e17287c2e4ce7290af096b3423689e8bda4
gist/bindings/rust/tests/search.rs	6656	b376e8b7bbd620ca62e88d00d44f75ebe2dd9a58fc60fc557f393390227b9398
gist/bindings/rust/tests/session.rs	9529	bc2435e0e3b0646b4d99b98ec5437c87ef1189c269845027804969911e2a2874
gist/build.zig	18239	0edbe297dd3a1f27091a7bb4a6a2153f4d5604ade01be7cf54eb5e1e2541574c
gist/build.zig.zon	1275	ec6c11d1df9d6ea99104179ef7b5ea7b2d5182cdb2cfc6c096322d50398ab874
gist/changelog.d/+every-index-opens-onto-the-front-door.changed.md	2384	b088ea3ae489ee609f72cacfa6938729fc7b424e6becb5c5f1bb5171ea82fc9c
gist/changelog.d/+the-changelog-builder-stopped-reflowing-the-prose.fixed.md	1113	85360a54341845a7bd9035fdda364c754aa7ba067575deb746d59afbebf7941a
gist/changelog.d/+the-changelog-header-still-shipped-a-binary-that-moved-out.fixed.md	313	ac30fef5a29d2240a5f6a00f657725dbfeed6a3f0b88a78b0c9e52886de0ccf9
gist/changelog.d/+the-readme-never-said-how-to-install-it.fixed.md	975	af3b1e3296103fbdb77ae3d41d76e278fd4cf51f0e82b9e167e7cd1d71cb8dff
gist/changelog.d/+windows-tests-drive-the-windows-surface.fixed.md	142	58266fcffe8e4d96a6f0b27975e9f2214441a01b4fbfb508bfab84d7c1cece00
gist/changelog.d/README.md	897	094d7e6b230696134f271ee065fef1da2dae761b5dcdc1d89909491e38a61b4f
gist/contract/gist.zone	4494	d8ebaa74c5580fb5833e12d97362f7c7385f0175bd26277db757443181163cd3
gist/contract/surface.toml	12768	9c957efcd2db46b16b495ed0575afc070e90005ae38617388241f61e01332eea
gist/editor/install.sh	1696	8e71d0f65b921baa6f89977d97fa94eddac308ded6763aa4ec35805dbf8adbc7
gist/editor/vim/README.md	5624	0033515eb7a4fcee45f388ece43b9c9d896b8a89aaa7b1bdcbc3892b57d9963a
gist/editor/vim/autoload/gist.vim	10107	94b131d540576b2db3afcbe8a10e10e529c617403ccda4d53d2295dc40861d47
gist/editor/vim/autoload/gist/args.vim	4217	d445f214d408a4de09d23f0e98401ef9b0cdff86350af21cd0a17104c542f213
gist/editor/vim/autoload/gist/health.vim	6079	0896e05be33830bc7791e76f5e2fc9433c6cf244ba036f3c3f5c96518b9438d1
gist/editor/vim/autoload/gist/hint.vim	4032	2836f936f5d386f0f3fe35055c79c6dd9aaa74710182bdcf0eba53be3477a78d
gist/editor/vim/autoload/gist/job.vim	4881	29004581dcb19bb7b49ca032954d41fb0f535fe55e0480e661f079a5a2aa1066
gist/editor/vim/autoload/gist/kin.vim	6317	a4f53f74a4f23b93806aa22006c28e1e10fae80a877345092cd9ee407f4b3e82
gist/editor/vim/autoload/gist/sink.vim	5343	1fa4aee1395cda4d3db77876c46d111d0abc20234598f6d361a165324ee32d0d
gist/editor/vim/doc/gist.txt	18193	83aed96eefd32998460001aa16b455869347d792523c28c9ba354c20a20bf6a5
gist/editor/vim/lua/gist/health.lua	794	e1e4d716dcf9ebda7b55a6c085ef21a5aa66290391148ca62e332ca5e318b130
gist/editor/vim/lua/nvim.yml	2596	02f076c172b5b00f9433b3bdddb9326647e0731afa0ce3b6e61ec4ad9230343f
gist/editor/vim/lua/selene.toml	506	8722377bc76e524b13e194a434564a9edc3e6f97e9d662205a76f483a6db29bd
gist/editor/vim/plugin/gist.vim	4769	84bb7c96091fdf1c18bdf8033f4656f09c286d00c6c2406d10bde97021281d6e
gist/editor/vim/test/gist_test.vim	13360	918a781ab77e45f6d4fd899e84b99e3b2ef0e135892e47c7965835b6c2c9978c
gist/include/README.md	1671	4ea79431bc44610c54913de781bc1a8a7c69f49997d2c31aef666ab919f3ce51
gist/include/gist.h	8720	a91153ba6558e1016017f2a901ed438f8757001fb5e1397f38615558b0811944
gist/install.ps1	13250	229b3c0d8fa082ec0abd650a266e245d8ad8d924fdc342658fe96a9a59081b3b
gist/lychee.toml	1353	143ffd2164984594eccfc2c5b367f525a22957e2bae420377106375b811def31
gist/mise.lock	9153	997cc5dbf1069407d599b27db82443a627ded5ecf21f5f714df358270641310c
gist/release-please-config.json	3647	c0cf426e4a3f21f1fe3aa872b1fbdc4e80ccec3594ee30ae03f816227d2d8a22
gist/research/gist/CLAIM.md	10746	4ee40f53a81a578441a600e8a694f1271d2e559108c39c72a6a312fc187bdac2
gist/research/gist/PRIOR_ART.md	25597	9b5b56594df30d2a4daa633fd9955f761923ecbe6aca7c513b28f0d0d021f6ba
gist/research/gist/README.md	5420	e38f4e5a4e52c66993c37a59d8754f5994c64a63ab57fb53a52a0f9266f0e25d
gist/research/gist/TESTING.md	12787	f586883c53213a3734a7847b5581052361ba8e0004b210affc4151356a4a8652
gist/ruff.toml	468	841f669e7f956b3c89c7e0435cd6ca1c210f1f55befee3b744a69db1620891cf
gist/shell/README.md	4219	be8f79f50a179e3612f1f8516f88256aa62738e2df7b3a4de256975e0806e469
gist/shell/check.sh	8577	b1a6ca293747409846b0a3a70e51230aea5c18b16c4c9c4e54838c4edd797c80
gist/shell/install.sh	5323	7694fa9f28954d8580a6985670f54ce380496d3aa673ebb920164a09ce4c6f5f
gist/src/exec/session/conduit/README.md	11108	1f5849a5629c1283fff914ab3069a4ee2207930c71d59af6b1dc1ab266a15e43
gist/src/exec/session/conduit/image.zig	13106	73365b46c2039f59351ce8b524ad98b22532098d79b7e0403a9e25b5b219e18b
gist/src/exec/session/conduit/protocol/README.md	3912	18e2b0e1fd4e07a462acc142990dc53fa016fde0a2f1feeb45487694d7267bb0
gist/src/exec/session/conduit/protocol/annals.zig	2894	681b401d8b02eb005e0c3a7e32bbe6cbebd5f2513acd37a4d7656d0c0f704324
gist/src/exec/session/conduit/protocol/keep.zig	4780	e8fd852d34d6c193395595c4041d3d85465ca895b75f037de38a0834b217c2ed
gist/src/exec/session/conduit/protocol/opcodes.zig	10422	1f7904fb01c7444b821f1a682fb8199776885993da380b15ed3aa02dec4158ba
gist/src/exec/session/conduit/protocol/protocol.zig	8911	0a8113b712954d03c72a71c78de82b86d5c4c4d2a0709fc3cab5f8f431cfd76d
gist/src/exec/session/conduit/protocol/protocol_test.zig	26905	cdd9c1ab7dcb3e9b36d5a2f27796f9b655e11bb57f7a1c9c73b3af586681e8c4
gist/src/exec/session/conduit/protocol/query.zig	12925	3b8674364fc803d52d1ef505434e95780462b18d8cd133fd3abcbbbdee1242bb
gist/src/exec/session/conduit/protocol/result.zig	4887	f7031781d6639afa66fe575107c84c8b4d08c57847295885b45302fe2d5f5856
gist/src/exec/session/conduit/rendezvous.zig	3368	0faa21c0fe1e73cf3579eaaf0969a845cfa07f03be6285e3586c7a5cfa547e68
gist/src/exec/session/conduit/spawn.zig	5490	3d820d92e3d2d329a4572185d02f228b8e0e2281e5ec568a5f0c263a9083ecaa
gist/src/exec/session/conduit/vigil.zig	25492	041c1a998fadaa860b2933f74d03c20a324a7a16f637863f462527cd4e5a4f65
gist/src/exec/session/conduit/wire.zig	15000	6c25a4847fbbf40f1f3f671fefcce1300e87f61ee12764300bb11123d0e400d9
gist/src/exec/session/daemon/README.md	1679	c4f7f4d52e05afd04d16f3539d757029592dd7e8e76c44d5cec4e0d96fc56e05
gist/src/exec/session/daemon/client/README.md	4391	c4bac4b70fbcc26988b85baa1fe83b5c5fe46f7bfd8c89a88706eb6b072789e3
gist/src/exec/session/daemon/client/client.zig	28041	1df49bca2d634b076d5f9b26b1fd3d8623f9b4a2c0d74a864449c6950c36337d
gist/src/exec/session/daemon/client/client_test.zig	12343	9ecaf6a684e1addab84e810cc54e1c3fb0b50b37530930d5d6a0924cd71471af
gist/src/exec/session/daemon/client/keep.zig	6900	f9a7d44406f789dc61b82fcebb32a068784a98ef4b555e7befae75921a6d016a
gist/src/exec/session/daemon/client/spawn.zig	4390	cea820b1624bdb27b0576aa5ccb6018f0941a9df5e49a608ad02128bfe2537ae
gist/src/exec/session/daemon/serve/README.md	5175	33c189c897512a815b5688783a41a71da7070c818ae48a85e0253c5b41e48af8
gist/src/exec/session/daemon/serve/answer.zig	11095	f00e3520b5863730777b0c7f5fc4373bd7ed7ec52b935a1818c6d3f391ef366e
gist/src/exec/session/daemon/serve/crew.zig	11778	9a3284ca5ff92a0c65f5cfc002d1b002ea63a9677952f9b7a6323154c81db121
gist/src/exec/session/daemon/serve/idle.zig	7299	76c9fadd219a19a2960a320dfff2f862c2377041b47f5768fb7ef65a8fecd850
gist/src/exec/session/daemon/serve/loop.zig	10888	3b0b54410b08041ffbc71f034c1d5d300d31423769e98550f7be28907bc5e095
gist/src/exec/session/daemon/serve/route.zig	10570	d5a9c6fc4388366da372e3e45f79f1b20bfafb8a24db3a1fd88bdbf3afc51dd8
gist/src/exec/session/daemon/serve/serve.zig	15033	71108ce4ef057acf054252e2dc50dd2c29f89739400a9680b55e950d66103298
gist/src/exec/session/daemon/serve/serve_test.zig	41702	ed8313197a3b9888d22fed299c6f7261d525f2e1a8d2d413e3f771897e488cac
gist/src/exec/session/warden/README.md	12333	d94d5605d9fd89c814bfecc045ef7688d9786fd3d657336ea2b6a18404deff37
gist/src/exec/session/warden/ration.zig	13285	abbae38914099158e98d13ff550922a483877ebc0d3833b193bdcf69348bf53d
gist/src/exec/session/warden/standdown.zig	11629	deb99aa40cf7efa91f375e45eec9073c0d2e8cee81a162d041660853e4941d8e
gist/src/exec/session/warden/warden.zig	28605	fcfe3e16189c9504768007078a278116e9ed1b9a3f69a7a1a52132c97b67b1f9
gist/src/root.zig	12401	fda7aca47246e7234e4101332fe27ab14f04e2bb2277fb4e54991774da9cdac1
gist/src/surface/cli/README.md	1728	09cc42a0ecb270edd1ab0674546491c20c4ff580957fc53c6ec0b2de9ca63324
gist/src/surface/cli/primer/README.md	3178	da338f3864969f0c2ee5a7aa1ba34f316a4abcb201513ba2c0aec69be89fb302
gist/src/surface/cli/primer/page.zig	15827	27d1e7e839e509f6a0935cc45b336c8a2f63b3b236083891529130646c5d6961
gist/src/surface/cli/primer/primer.zig	20271	7340527c6c863541100a334cdf19add768b882c52ec8112fb66cb12bd6cc774d
gist/src/surface/cli/primer/shell.zig	22712	a8dd50fe30fb1c93b77a1d2203db2c6edff6e1762f520d9d324c97da329c28ae
gist/src/surface/cli/primer/zsh.zig	23704	986d2f1b5ba80842f8efdb6ca185e3f34c517d7f10920750602a43c1f10ff992
gist/src/surface/face/README.md	2199	09df2046daab40f873c467dfc7f8ffc011d11c3ed09abe01e9269d184377a4a0
gist/src/surface/face/gist/README.md	1104	2f28a993374ed65a6634957d5bd9d77518d29dd6a7c102ce7d8cdbb4971c4c1d
gist/src/surface/face/gist/generate.zig	34744	760343db4e30e9cad31be731ba7d07cd4154b9679f88028e66f63cdbdd804a00
gist/src/surface/face/gist/main.zig	28395	7a88eaa0e6b0e9c979fb295a7774a8af930ded2e1f517f6355947889ac4895f2
gist/src/surface/face/gist/verbs/README.md	1307	78fb3a2558ea54ec540032068366d112e81044eb926e49a9daaa9a9deab69269
gist/src/surface/face/gist/verbs/codex.zig	9695	c8b9d7d92814f17b06c8d04162a0dba8f6878a2d86ce5df8d17a54d30d4b727c
gist/src/surface/face/gist/verbs/config.zig	15763	2186673ba316efd8a997fd4fb12f0ce1a89f77e786c233756c5c3995cffdc6b8
gist/src/surface/face/gist/verbs/index.zig	22474	a5d60026641df896b1c58b57808584d0ea18174446fbc2bdcf05483d1e2ebfd9
gist/src/surface/face/gist/verbs/schema.zig	27583	45078da6fcd74a4d3a49767d8d502a77de271510dc62b671b4d8274cf559ac1d
gist/src/surface/face/gist/verbs/status.zig	24323	a6fe351427e9194efbfabaafb958a6472b9b63a27171bfd57ff31fd4960471fe
gist/src/surface/ffi/README.md	2983	18ced1cfdc815cd05c9cda7b5923cdc0cc04588b38c32b30c922c21987acb8d1
gist/src/surface/ffi/analytic.zig	6799	60f6450425f5405733f17469d0b8c4a5077c5de914b391644e9cb12f62b2e1ee
gist/src/surface/ffi/contract.zig	4479	07b594381ab83f7622d613d23034ab594e4862050dfcd4b8545d8ccd4fff8809
gist/src/surface/ffi/cursor.zig	7901	9b2eb39ed8dede4787689a657264ea6f439f4fc9d87ddf08ebc4d1b1d411a458
gist/src/surface/ffi/oom_test.zig	15711	f1afc4fc6f8828a1734401df8b511f2236a526f71ff96b4f767c405ebd697bbe
gist/src/surface/ffi/relay.zig	1703	662ead3b717d77f813edefd9f5b42cabadb1fe222500f69d7d63d222c679aa8a
gist/src/surface/ffi/session.zig	8430	03212816e7285c86d66c10fa81aff356987ca1616356282e08bd1ea4977cde70
gist/tools/README.md	3907	3917e3965f2b19b10dbfeebf695db5e0225ca0bdf6e168919a79e79bb2924aba
gist/tools/registry_readme.py	8980	6b8af7e66fbdacb11acdc5cbd0b58cf2124cfde00948a8780e17796ad1e29562
gist/tools/sync_contract.py	1645	ac828e0afecd7b154ef4858825746526b23d67e12c9c3bf3cb541b5b1c6d9c10
gist/tools/version_parity.py	6675	a50523307b320a713c49fdbefe08225ee81de672adb1bea2c87429854ee63bb2
gist/towncrier.toml	1600	398936f3405ccf10b838bf3328469a6160cb25c4e3d76fc7a3be3b491b404882
irregex/CHANGELOG.md	697905	daa6fe885bb40d1586419a7fd7ed50bdf79696c8ff2e603863a12aebe00a31e9
irregex/CODE_OF_CONDUCT.md	8068	74f04031d0a207763cfa555f457a949abffa139399723103aa0c83e4b72a7af4
irregex/CONTRIBUTING.md	22644	b7064939dda86c23c0e31e29c5f87c0fa570804c2e30513232dc1fee4a91d55a
irregex/LICENSE	11348	f44fd94e7ccf9753e145a55ddf826169f6c0b5f89bcf1d02532711adf5bc1f88
irregex/NOTICE	2603	56b7b73afd5fc4542786860a7b9837bd9d95e301f2a881f26573e5ff452a96d1
irregex/README.md	54300	3833ba6b17943388fe8238a1b2888637ec513f77efdcbabf0b92b7d1cca82b4b
irregex/SECURITY.md	7198	30e195d8f3dd79760ca31defde24ae36b02e216de7e8a825e217bedee15514ac
irregex/bench/README.md	21192	9fe4c871817222082d0520178883e975a386a3b8f2b532f32c1847218f5303ac
irregex/bench/apparatus/README.md	2950	fda03ae875b763e3c220aa0ef08ff334af9e8b1cfbbd864e109a9669fd05d6c4
irregex/bench/apparatus/harness/README.md	2707	dde28e4d3823e10e02565bc5b589bc9ff8404c344f47e4fc94fbbf8698c6fac3
irregex/bench/apparatus/harness/pmu.zig	24692	0e26893f7bd145653aa0ae99238f98d1e6c5887656f418eaddd05ccff37c7ee6
irregex/bench/apparatus/harness/probes.zig	3723	f9200a5b7542838a3f18e244e835805ff9fae8cda167d35d71f525c0df7b3c7c
irregex/bench/apparatus/harness/stats.zig	9503	25d4c0c2751b6c4e8dfc2b4053d5fbb2428ec3de620028ccbf59aac694804fb6
irregex/bench/apparatus/privilege/README.md	11945	ea627db05426a1f643c9e4bb98ceecdd3619e8c4915ca164c64ccd38988059c6
irregex/bench/apparatus/privilege/install.sh	15707	d7763ce26208da50365a702ed9746187f244f05d152ef89e5043ef532dd51f73
irregex/bench/apparatus/privilege/irregex-pmu.sudoers.in	2146	efdd12be5c8ffa446970e55ea3655d473970c7c237690f7752de8e19741641c4
irregex/bench/apparatus/privilege/kperf_probe.c	3337	55fc33977eca1434a6535fcc9839d3c8a1d9115240caaaf4a283cf543d62e56b
irregex/bench/apparatus/privilege/pmu_bless.c	10477	92648f1d00bbf1d300360b91336edf8f37c717726e28b1d9c2ca619a6f67a52a
irregex/bench/apparatus/roots.sh	2498	ea532c114a7f1ce6e43b5e95d898bf2dbb1329c4283e8c8846ffeb50da03d9e5
irregex/bench/apparatus/stats.py	3794	063d26a8cfabe7ca06eb4e3f6f02b1cec54928fb456c53f3c81c2abf84c48546
irregex/bench/apparatus/test_stats.py	3250	027a97010a9739301c38546ef52ad3270f1b3bf7bee5dbb634059ac98d819629
irregex/bench/bounds/README.md	1456	8169f1727cd1a948d212f683d5db9e6b8b8370b8ab7a5185b73ab8069498e79e
irregex/bench/bounds/lowerbound/README.md	6128	523622e6ebf0bdfd566720d2f343b698ae47bfbda966559c96ebe8e18b13afc9
irregex/bench/bounds/lowerbound/audit.zig	17288	9ebb5df596c7201592fb32c3128f08493418963674f268d8a919d04089ae571b
irregex/bench/bounds/lowerbound/report.py	11336	aa2dffbbaa2bacf4301c0af1f99ed01001299609625dddb55c48cee056eb220f
irregex/bench/bounds/port/README.md	11417	e6e3a76e2b8db32835364247fd3d7809ffe0efae5621d104d4f80e22b9ebbc53
irregex/bench/bounds/port/mca.sh	10041	dd79dbf2f3cfec1c9967184ef50b05701a0584144b43fb1302ae1a26c8f1137c
irregex/bench/bounds/port/measure.zig	18319	d8be8dbc461212db1bd8f1c44bff3071a46e522c986a120e350dcfedb86b7cb4
irregex/bench/bounds/port/probes/README.md	2343	8bbbb940ecb3d9fc48b513df10fec48ec431247c39983a61f2b12c1c7868f18d
irregex/bench/bounds/port/probes/dfa_mirror.zig	4854	37caf630e0950c9f35aadb7b7f38eac3874b09a789cec212f725b5c80b039a11
irregex/bench/bounds/port/probes/dfa_step.zig	4224	265e9998d8a1daaf11735c2c6747e6ca6ebd848e0ae906c87e90db2e6cd0febc
irregex/bench/bounds/port/probes/simd_contains.zig	3683	d16276feeb97dfc784571e8499b09b49048f0b342bfc925a5ecde7c533effcfc
irregex/bench/bounds/port/probes_test.zig	6954	d40af9e95dce1f9aba55e7b7f0241ca06e91ab2d924d151b73be07144272636c
irregex/bench/bounds/port/report.py	12439	3975ae1417d43c59ac5de419509ee78b9fd44a65911bd00b137db4fb4b9880d7
irregex/bench/bounds/roofline/README.md	11936	39b1d294a404b6b52ed626e1beebf6d13b08468ae7ab27d817b5c99f5e9da2ff
irregex/bench/bounds/roofline/bandwidth.zig	35513	47703b352dd05cba29959f21d17bda71953693caaac8e9c6253ca95f3169d605
irregex/bench/bounds/roofline/report.py	23004	0b23a5de219d1aebd8b67dcd7aa4d7115086dbe8142597542bdf362accb0431b
irregex/bench/bounds/roofline/test_roofline.py	8275	b7bd3c997bbf03f7793b9e078312324b5a6aa556e8a09f086a67e560f52ba4a7
irregex/bench/rungs/README.md	2163	9f01e7cebe79e07f6b4c27b90b3990cba88070dfc9c3a78acd2f11888cfec9e1
irregex/bench/rungs/automata/README.md	33634	d2d955b0fc53d23b8312606430299a9501ded62825f7629b366f4a685cc4b0ef
irregex/bench/rungs/automata/bar.py	12667	c74271417f3e51a91ed6cee3bf889be91823eb96a1e36bab055b3ab3c28afeed
irregex/bench/rungs/automata/bench.zig	160421	3bcb58fa02bc29e171c5d9a61aadfec0a13a9b07e8f2f5fdf84cb5292ef74cee
irregex/bench/rungs/census/bench.zig	8473	24c2d8b0061833b8223ae348d7c05eb527fd7ab361275d826beb85e49fc9ffa1
irregex/bench/rungs/crest/README.md	1443	e562697a2d5295651fb9cef07f0dad2405f0f5bbb668d104e22431b6515d4981
irregex/bench/rungs/crest/bench.zig	26582	52ce15df044df21d712c36d9f4508af22cdefefefc2de2702bcdc866bd506c24
irregex/bench/rungs/crest/evidence/README.md	2654	23a7a885bbb1aef37858d52e9a93a66df1cafc6e203bf0609c73475e4720252f
irregex/bench/rungs/crest/evidence/crest_evidence.py	16130	1a201b6b1bde79d8e03a84c36fbb7264b1be12dcdaae7b8256a4fab25f802a85
irregex/bench/rungs/crest/evidence/harness.zig	11067	0a4386fca248b81645479a6fcb31ace0fbbd60aea7d31debf60bec52aaf39f90
irregex/bench/rungs/crest/evidence/monograph.py	6396	328f7bba0e9e8abbd33d0ce2123f33069df4330421da126b3274ac9f11486223
irregex/bench/rungs/crest/evidence/test_crest_evidence.py	20548	12560e94d4391a65e6a429771e2f82bfb53197aeb04ed36cdf5b5a05f4a2c4ef
irregex/bench/rungs/crest/evidence/verify.py	22334	b88114b30f9c94d4e1b3e94858318786356691eb57bac995550f697ceb7a187c
irregex/bench/rungs/multipattern/README.md	6988	78682b0a4b8a94ad1c0fd7505609f28443cf21d46f148c0897d9ef236970efe1
irregex/bench/rungs/multipattern/bench.zig	10689	a25babf4426ffb955dd6cb3a2c159248f0641f571d1be55c73f28d47e29452a9
irregex/bench/rungs/multipattern/pack.py	4504	16e6571aef2bcc825a759cf2d2f91f1ea3619f36e5f7a51ee5e61370c8e7a40a
irregex/bench/rungs/multipattern/slate.py	5730	a5033b11a091f951055e5892143ef09049834866298dd55ccc11dacc00d9dfcd
irregex/bench/rungs/multipattern/vscan.c	9204	42fe4d63fe3ca4cf44eac50435d473ebcc24f9d722ad8be30e848aeee69f19d0
irregex/bench/rungs/parabix/README.md	2252	4612438c8c504c606c757dbd01361e0edf70e2ef982ef9190b91caa2e9c0cc15
irregex/bench/rungs/parabix/bench.zig	19292	0caa30059e4d30c28c97dcfd1c6ee323a4557d1dd94d743adca726ef0d2dcf42
irregex/bench/rungs/patternid/README.md	6133	71a04b72bab98ee1a996ad8c893c966acb2fd31b6f56e11c448b7cc2d3ae63d2
irregex/bench/rungs/patternid/bench.zig	30358	7f3dee45750cdbc9c45cf157aeaad670d9c60380a6253b6ac3d2dce9151c0e1f
irregex/bench/rungs/price/README.md	8724	14e9a17d9f8070bbfc58813e779a8ca43b7a1211edf1e7a656335af6f38e0b39
irregex/bench/rungs/price/bench.zig	15176	d6d380911c9be9d3f77dbd65a5074b4259da38019d13b0fcb696dc0d0cdffe36
irregex/bench/rungs/price/mint.zig	27410	ed457a741f94f8b20d89b2d8b18d4989549a65f9521f64a9d8aa6992a731e18a
irregex/bench/rungs/price/probe.zig	16227	e92ff45f3e220518b26a7e4456c6dc9dd2c6046afdf35986196acebceb103aea
irregex/bench/rungs/price/regret.zig	7399	d995ae6443d4c9eae25fa28a32c830ab290b5cd8cdb7913b021519c4b406f3dc
irregex/bench/rungs/shuffle/README.md	3681	6ba7b2534bbab9816204dc5c6f56306d4f72e69b62b8ed38ad0c9df6d71c75b0
irregex/bench/rungs/shuffle/bench.zig	13510	ac4d5d835f1c5f19a8ccf51d5a0d73d60c3c87a4c4489cd261e3ad5bda75cae0
irregex/bench/rungs/sieve/README.md	15476	8620e05bfe56475a9008db8d026cbd31811c4e39c5846c2374076e10e9202b93
irregex/bench/rungs/sieve/bench.zig	23862	77bd7abeef4a2b1ce02910c7a054e27423b25b36405c54993493c47476ccd3be
irregex/bench/rungs/sieve/cover_parity.sh	9874	6e4d25b10536cac5c292775b6459798b0b6e840b29be61416a56c1dd49ad233b
irregex/bench/rungs/sieve/csearch_plan.py	10477	4bc9799af98bdbbfa26239fc0a414438a448340339bd69fc68b7ba2902da523d
irregex/bench/rungs/sieve/indexcost.sh	5549	65dfce3fba05ea52c52a42ab4478ffec0234caef4c670f1bfbda5f67d4777cab
irregex/bench/rungs/sieve/indexq.zig	18103	12bc8d0b96876be4387941eb75b6ff232875f7408ff86092fce72286d1c908b6
irregex/bench/rungs/sieve/production.sh	5974	04dd7f0112a5bf2ee1ff1378eb3b20173de57d13c25a18b609181f6795c89899
irregex/bench/rungs/sieve/stress.zig	3471	9d471c54e4dcfeb3e057473475160055daf84a79485bfd6d0fb9d2388d7f370a
irregex/bench/rungs/sieve/warm_parity.sh	20653	2cb29acf297c9391d99f564dd5f49d5876a93b52e36c4e0a97c2df3902c0f3d0
irregex/bench/rungs/sliver/README.md	13606	a42ec7a54f294c907e6754fe26ec6b7c76bdd523ae1ce9d738e95362e9e11f4f
irregex/bench/rungs/sliver/artifact/positional_pareto.tsv	2238	20015c054f834e07e149aa1d3d74992e43135d80529117290d3b84cfcc344076
irregex/bench/rungs/sliver/artifact/scale_build.tsv	2043	942d481a2384b7bd6c181b71c1da35a45439380fd4852a8d1de2490b28ecc9f9
irregex/bench/rungs/sliver/artifact/scale_elision.tsv	1205	7b388f9f4955ce25adf4f9dc1306616319af0b526fc3224c5c725d511a249525
irregex/bench/rungs/sliver/artifact/scale_race.json	10040	c78ae8355f7054af8fc0349e2f6d51083d20d45953cefb7dc100771992fd8a84
irregex/bench/rungs/sliver/artifact/scale_race.tsv	2125	f752928de5deec53acb81d980268bd7230c43f81970e2f83bd1c651906199e7c
irregex/bench/rungs/sliver/artifact/scale_resident.tsv	5248	35279c85bf7a3eb410d8f4ef906a8866803ec301872f8ceb8f40fb240c1d32b0
irregex/bench/rungs/sliver/artifact/scale_truth.tsv	1606	efbd55282fc2985eb89602253197f56c8ce9ca93a55a33a9d6700eff7ce31fe9
irregex/bench/rungs/sliver/artifact/scale_walkcost.tsv	688	7ec1f707fc2e43dac85c0fc19f36540be011d48a5f034e44d24ae5edb7ec5a93
irregex/bench/rungs/sliver/scale.zig	11870	f0a46655988c94b99b84f1ed68a72ba6062a135c5df3c91e200a5c1daa9910b4
irregex/bench/rungs/sliver/scale_race.py	9158	5edb7a272d2cc0d9fcf0246ac1a2b790bebadb867975e6c3363afdf31c885c3c
irregex/bench/rungs/sliver/walkcost.py	9305	b3ff590229eda3e44d66c6461cfcdc581673696dec86fe52a93ab71a5d659c94
irregex/bench/rungs/sweep/README.md	5327	d9e500ea943a520468842c65eafc384686ca25a285d6efd317ac1b9c7e510a82
irregex/bench/rungs/sweep/bench.zig	24998	205a906069e7bb763b06586555f11462f1760c96f6e986fe5a0ee83728135867
irregex/bindings/go/LICENSE	11348	f44fd94e7ccf9753e145a55ddf826169f6c0b5f89bcf1d02532711adf5bc1f88
irregex/bindings/go/NOTICE	1470	d024409ac98bb6cddaa8a924486d78281c5669a2eec1b590db8fd29079a7762b
irregex/bindings/go/README.md	10735	87d04cfe6705da22a9863e982b00f52ce1684f3380207c8f8fe3e0726ed80c0d
irregex/bindings/go/analytic/README.md	451	34d8aa1bdf6f44daefd59d18bb8f196cbf7171ce2c0e0e88cd644c4213135931
irregex/bindings/go/analytic/contract.go	8232	3e08c64346060340f22ada5cd3eed962d2131135cdf5f26889e8dd4f4456b43b
irregex/bindings/go/analytic/contract_test.go	12500	28366e38126d2992e11221e3f81f697fe342f8c1e564757e46f252a3bbddbd56
irregex/bindings/go/analytic/grade.go	5626	bba4c32ba0dcb88130b7c4d8092c84b648844994ab0692c89cfdea9f9685af56
irregex/bindings/go/analytic/params.go	3931	0c945004ffe75862fb48ba61ba20695d5a3cfee35c1310841a3e76d62ec0476f
irregex/bindings/go/analytic/request.go	4120	b070d65cbc82fe25fb330859277a8c279359d2463729d57b897df2a42d8772b2
irregex/bindings/go/analytic/schema_gen.go	5652	06731a8156f4f1e0ae2e8753f76e9cfcdbd669c32217363b1d32b4bbe72be487
irregex/bindings/go/bridge.go	16669	b59b9c3efd0930d83684f2ef4375ece19de26a0dfcab0fdd38f0d2d00cfa9b77
irregex/bindings/go/concurrency_test.go	4200	38d9dcd966929ec92b04492aaac3922d52c212f69603e1dfa99c3410a9b929c0
irregex/bindings/go/errors.go	2425	457c0f79fda49e9331d84ba1fb610b80bf04c10e561d6ab3d0c5154cf0401ca6
irregex/bindings/go/example_test.go	2709	1e06069e6268989336c28455c96c2b6b6ad6dd098b6b9697df9fa69d11105baf
irregex/bindings/go/find.go	7596	b9e2cf2b28eed9fd4404c80e21dace38f15a42fb744eb84ebc6cccf5b005ca81
irregex/bindings/go/go.mod	657	f624bb33123c160d5156c6e2dbdcb7425e4781bbff930f5b4c8456cad8112f8e
irregex/bindings/go/irgx.h	23875	50eb096ee83f9e90730c49c256372bd338d92a85d1615664eed59f070ffe134a
irregex/bindings/go/irregex.go	7842	9229fc871637707722db87f950d598d4ed422ce307593930b8ade0522d762a50
irregex/bindings/go/irregex_test.go	25046	ebc025a503215bd7c765cd1c46027528a1079ecda18958c3addc5638761df638
irregex/bindings/go/link_darwin_amd64.go	107	691ef59e4ea9d3b62c4561ec92a7e36b1657c34d2c98e53ad63cb7a2883a803d
irregex/bindings/go/link_darwin_arm64.go	815	1107182da493c7b37a9e5bb067bc7ce161190b8f09bab8a748568df1fd3f9f1e
irregex/bindings/go/link_linux_amd64.go	264	500f2cc882f7848fc418eebc00a3943338ffac4b0f6a9ff41293a2e747990e99
irregex/bindings/go/link_linux_arm64.go	110	d0b5ec4cc59749b48681060600c4004b187aa25d9deb13dffb5f8d6135f1cb31
irregex/bindings/go/link_syslib.go	837	f8992d36388354a5439f488caa8e0bbdbee0d2325cd604799719d74f9a31f97b
irregex/bindings/go/link_unsupported.go	509	e433e27e70ef01f94668f944f15f18d70857a58b718c3f3ed6b5e906baf77371
irregex/bindings/go/nocgo.go	414	88368ccdf235a296bb69278e65c056bbaefbe07471d08ac0e8cee1c589b13c24
irregex/bindings/go/oracle_test.go	5199	6ca02b2bd873a569daf124d4978e61f4a3feb00f24523e843a60e20d6a518e52
irregex/bindings/go/pool_internal_test.go	1601	d5119ab210a1075302732633901672d62e504c1b6660ed12a675c16ae921b843
irregex/bindings/go/refusal_test.go	10393	1e7022c556270e096b61f317e928b392ea478652d1487b6dd9844c4f97bb9e00
irregex/bindings/go/replace.go	7811	b3653b3809393ac6e8545452fcc1f454c2fb78803d02de005f8e0758079b2b0d
irregex/bindings/go/runtime/README.md	4008	eb1ef5515abdfc3ea8e3dfe8ef75f7daa06beb370d73af31ebde50360ebaa8d6
irregex/bindings/go/runtime/analytic.go	5426	e94d0c5b7836cfd4012bffdd1ac69f30d2f533aee304ba5b2da593f0cc4f3678
irregex/bindings/go/runtime/cold.go	12856	f2eed07c63f09f06baf403bb87f1ca4eb5d37b5c349c33fc249c473e4e3f6f71
irregex/bindings/go/runtime/decode.go	13148	47baae9ddfe3478eec2bc00d0f6f8212f8521447984a094b643ca8a5e9f95552
irregex/bindings/go/runtime/dispatch.go	10983	977de3fa07bcf68099330c303dbe34aaca5d982a5170af3f47d849521f447bbb
irregex/bindings/go/runtime/ladder_test.go	4518	a512614303921fff38ac42723ad15f7d6ceecf0cfa1850606fa064d8ebf647ae
irregex/bindings/go/runtime/main_test.go	1327	c4d8d4444ce469e9f132a4ef05b9bf33bc9367a0043bb70f6f55221e3cd26c25
irregex/bindings/go/runtime/native.go	6569	f656dcaab685ac501afd936465903246cda5d78f68be9b3d97abe77425b801bc
irregex/bindings/go/runtime/plan.go	8555	0d2ee2a7e565e21294d48d0b76727daaf71e13e5f19867ab2d6533a999d0eb93
irregex/bindings/go/runtime/producers.h	5512	3be6ae3d71943d666c85e47af8e71e49ae63e4de61f9752667cfc7a34995cf45
irregex/bindings/go/runtime/producers_test.go	1849	70f5d9ed7ea838c783e2b1a8e896c17a531d46eec90a99f086f6ae073d0ee465
irregex/bindings/go/runtime/row.go	12956	4f3c175ff86c0cc960eedaab82645cb6748b5383253b0892750928e09d16aa56
irregex/bindings/go/runtime/row_test.go	10416	90996e6c2e3084f3fd31f726a734c971ec5257a756dd844c0478ee6b240e61fc
irregex/bindings/go/runtime/stub.go	1447	da0e7c82d27755e2c64ae19ae516b03204f271b0c18f997b4dc4d3b7677ca3a2
irregex/bindings/go/scripts/README.md	3792	60c42f78c4a21f8af332bb48ceb88dfeff583f2d078df4867cfbe56081f62da1
irregex/bindings/go/scripts/python_oracle.py	5423	c9bc50556258fa22cae045bfff687d074d2155f7a401c27da156479f0112c5a6
irregex/bindings/go/scripts/vendor_libraries.py	13388	b86177afad7a7064ee2f06bb7149d1aca6c3c95664c8f5dd9498a82c372548b9
irregex/bindings/go/testdata/README.md	757	085477fa00def7356e95baca37a9b483367d3a702ebccf5848fb907f5602b228
irregex/bindings/go/testdata/python_oracle.json	19137	865ef7679fcd408722ae52405d13fd710a6e4864b1c72bb938117149385d9069
irregex/bindings/python/LICENSE	11348	f44fd94e7ccf9753e145a55ddf826169f6c0b5f89bcf1d02532711adf5bc1f88
irregex/bindings/python/NOTICE	1457	048b90b9140ffdf0f6ac4b2462846ca1781d0ab0c19f520820921a36b0b7716e
irregex/bindings/python/README.md	9865	9cd22585f603b0902a19d1b4eb1687f6411ba34a1e70e77fa3bfc4f9344f7576
irregex/bindings/python/hatch_build.py	6926	9d76d744421d24ad879b7de35e5abf78d74ec7b0df72b0217f4a1d6dbaec680c
irregex/bindings/python/hatch_readme.py	3438	5d49e3afa9c3c69ca56ecae1b18a1061c3630d94a5d9328580c7c9d8992536f1
irregex/bindings/python/irgx/README.md	4195	684355cad646779cb24d62294f21b2fb4933833ffa12ac7db288688efe53084a
irregex/bindings/python/irgx/__init__.py	7574	277350c3de0a463108371dc94615009812c97054f3731ad4252bb073a252ba4a
irregex/bindings/python/irgx/_abi.py	14523	b2b3f6e16750cddddf1a6825b399737fc83068c78ddad07a6733007ad65b91d6
irregex/bindings/python/irgx/_match.py	8189	3cede8f1f01e367b0d99b45c8984f3dff81b57ec8064fc2392b1ce36d8770c8d
irregex/bindings/python/irgx/_pattern.py	15851	3cd8dc7abf9f9bd99333cb285a24aa74986e311eddaa57d9897a882d89b16e0c
irregex/bindings/python/irgx/_template.py	5057	3408379bbcd177186d8fc9b31672a3142eae9f7105128b481447ae74ffa9afdc
irregex/bindings/python/irgx/contract/README.md	902	56a1ea92cb84d649c7702108a41cf474e979b36f643e958cb9e014d644b61426
irregex/bindings/python/irgx/contract/__init__.py	1297	487e2520a3484d57f545aad20ef4cc31e53d0b13c777b821894a086be449200a
irregex/bindings/python/irgx/contract/abi.py	8906	5f17b4705f2c3ed7ceb3f18d074363fed765e15495677080ca6adf7561268d0f
irregex/bindings/python/irgx/contract/grades.py	8005	4769f67fc50fd20cd7c8a1cfdb4c44055416fb06ddf3c70230ddfb86bc002b29
irregex/bindings/python/irgx/contract/table.py	3639	4bbb0bf73ff2e650bd4e43b46602455bfbe6fc32a73762779cf4f31297611c17
irregex/bindings/python/irgx/request.py	6816	51d2cf1ab15637e61c6dbb849c0e27cb7f1d9be7238e03a1edb896f2212ba17e
irregex/bindings/python/irgx/runtime/README.md	1434	e7c8127ee5d9702cd2073ebb398272fb3026463a66a554e843ec3e2058869f2f
irregex/bindings/python/irgx/runtime/__init__.py	1671	afd1566be6acae123f4cdf41b9093cbffd2d4e1936b2c932ddd1070db3b9efc3
irregex/bindings/python/irgx/runtime/analytic.py	18349	b0eca397b21938823b9a6c2178cc5251069ff56fa4ae8c4ca60aaef57cc5f537
irregex/bindings/python/irgx/runtime/cold.py	5240	c65091816ad676c8b30be5a580f76e578e5551aee6503645073235881dc01901
irregex/bindings/python/irgx/runtime/decode.py	12878	016adaabf396bf5826bc8622e0f815819830067dc753bfc0a071c50f76f0c69a
irregex/bindings/python/irgx/runtime/errors.py	1790	e70c6773326d37ceaf73725a98bdc7ca3b30fc7b3bbf55c864d002213c252f80
irregex/bindings/python/irgx/runtime/loader.py	8356	252eaac1faef2ff597cb04b2074a7878cb21ead612648f97b16203bb743248b2
irregex/bindings/python/irgx/runtime/params.py	9371	9d0807621c97b8b93af5be27688582b00993d44c44ee01b7e391cc15577f7d5c
irregex/bindings/python/irgx/runtime/shell.py	19049	95241448a8292497bf7b99dd1bfe21cb72531c99905c3d32d40f4ea309ce2614
irregex/bindings/python/irgx/schema.gen.py	5266	934cf2728bdf456badca839aff4cde51776feb35a6d51e950ad3f447369ce137
irregex/bindings/python/pyproject.toml	4866	ec2df6fcbb47889486af58873bfc092c197e0c80255fe4902ad3aa28b813ddf5
irregex/bindings/python/scripts/README.md	2196	58d58b9edaa90ade275ecd9ae3d2a4a04cdbaf7fe6205914bc225fb442d1110a
irregex/bindings/python/scripts/build_wheels.py	8732	bcf8c26283ed8d642f13e0eb036763e831c65c1902049c1025d6024abaf017b6
irregex/bindings/python/tests/README.md	3395	e55cf99cd2a7d03ca2140a9d73dd39a8170a9f6d461cc04add560babfaa27883
irregex/bindings/python/tests/conftest.py	1108	d482fa0c2f0516a387719793b83a48de63b04c2aa95b07fd411a96131650de92
irregex/bindings/python/tests/test_cdef_header_parity.py	6897	c3d10d8e4c2f26ec92a7386a1f382b54761af886033d8a9e84777353c89815b7
irregex/bindings/python/tests/test_contract.py	8789	00fa6b49cb5a8597f0e05677b4d56094404dbcb4bbdcb4416aba9b6a5e929ad4
irregex/bindings/python/tests/test_contract_substrate.py	4250	4f5da3bd526515708822505a72620ae3f75a7424c8e63f7df8a56b03345423c4
irregex/bindings/python/tests/test_description.py	5365	bed233d92e2d20da86aa3f145ce6e4af199216543ca50dfe691e55d102b09139
irregex/bindings/python/tests/test_errors.py	13927	0b68aca709d07dc0efa425eee2693ec5f542246789e57bb471f72e69a3562060
irregex/bindings/python/tests/test_flags.py	3271	f5c4926109375d5203d64c41997ebc0c2f4645843fabe7d37852e05d6c05485e
irregex/bindings/python/tests/test_groups.py	7920	c4efafa8e7b8306179a6813ce4b5e6dc4ac831ce9793e44776c8c636ac45bfbf
irregex/bindings/python/tests/test_iteration.py	8656	c2ae4392c9b912b583c300e18f3226b1c8cea3ecca018f089733390d7aa39c77
irregex/bindings/python/tests/test_packaging.py	718	2284da8a4d9703651ffe0ef583d98f2613788af1fd7122cb3ecbfc7c2c884d28
irregex/bindings/python/tests/test_parity.py	6564	adfc126e90bd47571c2cb36d3f629b3256845c1d4f1fcceaedefa015215ce72c
irregex/bindings/python/tests/test_rows.py	14369	1c6a4905536bd986bc0be6b51c9b22fb5b902af267b6cfdcd1f6b779355ed062
irregex/bindings/python/tests/test_substitution.py	4717	713d10632ebaccf5d6e830ec152a895ec6942ee9f86c314b68dc69427fc94b9c
irregex/bindings/python/tests/test_threads.py	4276	0f14641ec3e0cfb59ba1ed547415ca19488ba6b04092fef793ec2443cf804a50
irregex/bindings/python/tests/test_unicode.py	4047	07fec5fb89fada5d2c0b334acf52502780564fc0a91a543325aaea9162a89fd7
irregex/bindings/python/uv.lock	31712	17a37a2c0032704e879d1bbe7618280c62224bf9cc7473e2b25e275b27d11d5e
irregex/bindings/rust/Cargo.lock	7547	edc3ddc306efbf0f6bd105c26d2f2a3b06095840999ad8f5d0dc18995d740c67
irregex/bindings/rust/Cargo.toml	3974	887ce89b4c2a5d28c76ddc4c6fe932a3dbe46450041919798943a90bea649f44
irregex/bindings/rust/README.md	14970	8c078a7f5fe1b9838c87265b9f9a6d96f3d72a448d46d5e074027fef08eebfea
irregex/bindings/rust/build.rs	10309	db0cad7b40b7ee4b40cd5147f0d71935ac4bca81f4cef1cd4e993835b9d8373e
irregex/bindings/rust/clippy.toml	388	d5855eae5dd1d2ca6d77e373be6f5a59b2507d5361e1aec9911ccb53bdacd27f
irregex/bindings/rust/deny.toml	1480	23fbed4ce4d37394cb25f02e2d9014baf0435e19c3f0653c0b64af90ef581d3b
irregex/bindings/rust/rust-toolchain.toml	334	79cf06b4cc38cadf0f113c013629d2ad46ea35c68aca1a5ed71a28e2d4875bca
irregex/bindings/rust/rustfmt.toml	1129	df0c3eba5b5e6d1c59a5b866f41e2805eecc00a3aa1d24cb2ff981ea3a7f3b87
irregex/bindings/rust/scripts/README.md	1971	06a6f0b9a51a521d49cdc70f35da4a0fffd2eae9f1f79cbaff7237c26005f74e
irregex/bindings/rust/scripts/python_oracle.py	6419	e9efa2a037fdcf275bc66df114e17202e349b490b70325d54ec5b5d81d573e88
irregex/bindings/rust/scripts/vendor_libraries.py	12810	37fb1a3a2778b5666fe14da0a97ac7c0d2d05ad9b7de95158a78ec11bd236e30
irregex/bindings/rust/src/README.md	4372	58a6a92ed0d931b046ce67a6b3057b0639f4dc8f2c058b947fd45f3aceb275ef
irregex/bindings/rust/src/contract/README.md	1496	a22184c1e009b8920d8a35a3d33606eedbdaae4900b45d420d7e18bb3c0db7ad
irregex/bindings/rust/src/contract/calibration.rs	8920	cb2954237ae4079628beb28bc6e894feab170f002cb187ded44cedebcc2a7e57
irregex/bindings/rust/src/contract/mod.rs	9291	fe796bb2ca4f2331b7cff56fad7a636e4860d075b8340cf5ccaab5c0a1652842
irregex/bindings/rust/src/error.rs	17119	0933197a5c752d9881431950d2a915e89918e70d778b78802efca4e487f30599
irregex/bindings/rust/src/lib.rs	6703	7af8d9a60e3d8f3dd06ed9be5de32b3b1007d001e349ec8e1abc5305b43c312b
irregex/bindings/rust/src/matches.rs	10822	cebae52ee38b1ebbebc72189a63639e5e69ea665bcc43c54267bd0e0172789b0
irregex/bindings/rust/src/pattern.rs	25360	dad635a22b0645b397e25937934199ef594dac091524d2193a6a45e3fe2d8227
irregex/bindings/rust/src/pool.rs	5976	7067226a5ee033ebf7d1af91ca8a9274f928f999c3faa515a0fd427dd4c27d22
irregex/bindings/rust/src/replace.rs	7623	6f9b3f2ea1339571cb7cbaec4f06e256d6c709addabaed589db389cae0ce423d
irregex/bindings/rust/src/request.rs	14373	0acb2552a8bf681a0f770a357f51ce25a2306f75f2409671deaefb02f47a4ff7
irregex/bindings/rust/src/runtime/README.md	4514	d797f13d7032692bd528d72fb9bcafeb711b033d111991d26e5124f9ef8e2128
irregex/bindings/rust/src/runtime/answer.rs	14784	16f270ba95c3a57f9eaea3b0b5a1751e335c4585ea0e1124d010e397f1d187b8
irregex/bindings/rust/src/runtime/cell.rs	10428	3048269198a3906096903c98423ae3a3ef4a2e3ce2c76eebd4d29d27fb13a33d
irregex/bindings/rust/src/runtime/decode.rs	16472	99e13c0fe9678568ee792702b9e2ec9701fdb309e003c7d7b885d20286ea8248
irregex/bindings/rust/src/runtime/fixture.rs	2750	6d8f7f2c8a1cdd0214ab78d56946dc0662e1607347df53813971f9c8c701b8a6
irregex/bindings/rust/src/runtime/handshake.rs	8554	ed915b6c21338acbe287e6eee8dae9d2dff265c73679e36825bc11ae72980690
irregex/bindings/rust/src/runtime/lower.rs	10857	959d6d0175a54fc0de0503c07c3160f2230622daad3adcdfe14e1f6de4bfe74a
irregex/bindings/rust/src/runtime/mod.rs	9326	5c76714a95ec0a0dcf6b4f7724a2b706c86a2df17bf6afaf907d01314f48cabc
irregex/bindings/rust/src/runtime/plane.rs	20220	9f0e3370ffe5c75d9b9ce818c71ff15f7e162ff9a1fa00bc53894e6e02a3e674
irregex/bindings/rust/src/runtime/readout.rs	4489	bf85114157e30170b17d5396e9cbc1a800f3e474496d74486ad2b441a6666e4c
irregex/bindings/rust/src/runtime/relay.rs	13404	7fc9ae38ab77c680e0b2213f72ad138c894da82b1be8e50a2e22f88cf8d5f919
irregex/bindings/rust/src/runtime/session.rs	10110	0906580b34f637a43d8387287cd9446da00b7400363df1e57c42a21424b64deb
irregex/bindings/rust/src/runtime/shell.rs	18828	ccc9c66ae7475c955e5502043e496f799b51956e18396bd809a464173bc4a58c
irregex/bindings/rust/src/runtime/sys.rs	14947	ab56fc8cdb349a2b84e60fbaf5770bc9ca60ffa090314908a55a3261178d047c
irregex/bindings/rust/src/runtime/verify.rs	8268	eb2610cc81d7296357805de8690b44d1dc5ebfb05499adba25e86bb16a2201fc
irregex/bindings/rust/src/schema.gen.rs	18015	964aefcc84294b0b7684f103c04df6085e4c0b7f5c996c0182bc4e2ee57c1149
irregex/bindings/rust/src/sys.rs	8657	bf073447910ee1e2cd77a6ca5b0dbe5c15bc736caf783918426efab2df36d517
irregex/bindings/rust/testdata/README.md	897	18cd5ae64d738bdceb339ba909c5e6c4053df1da77d3103dfe77cd98628ddba8
irregex/bindings/rust/testdata/python_oracle.json	23995	0c67238ba815db01e45f4e837db1a852afa5257a3291eaade75c959a312c5d0e
irregex/bindings/rust/tests/README.md	3916	1c72da2feb238491c5ceeb4de7c5515bc3ba5bbaebe8ca20e1e3c7dd99f08575
irregex/bindings/rust/tests/contract.rs	16288	a08c34598373e07472eb38bcecc322b420d3d6863ab40a21aca6717288242ba7
irregex/bindings/rust/tests/faults.rs	18540	9e102b0f341e4ca7c719520870906d70c602d3daa8aa6154fee7199201e7e3eb
irregex/bindings/rust/tests/oracle.rs	7883	6aef0f28292186f252af42646be4fc6e7019b8aa9ca91c1ce5928319b8982d6c
irregex/bindings/rust/tests/semantics.rs	24186	c4d3d6ae1b50508dd3b2bb32c831226519051e7b52d7a618743b3781da71d01c
irregex/bindings/rust/tests/surface.rs	10626	99cfcfdd7b70e32001f4e0a02b37f9b733f2353b03de22b62b39f80b135ecacc
irregex/bindings/rust/tests/threads.rs	6342	a4a43d2b71a8c2f009bc1c3118f5ca08cb534b7305b7b30ef6f476dd81018d8e
irregex/build.zig	50183	9b3ed61cb160fb03636c5c22e8faff7c0e9f44554c8e02fd9a932604092c210b
irregex/build.zig.zon	2924	a661eb24fc552c66cca36f1abd31786452705137df6911089ffd0b89ae99e99f
irregex/changelog.d/+a-generated-banner-can-sit-below-a-long-header.fixed.md	925	14e101733dff51671fcb3679274437920a038a848ed9711eae5061d266946889
irregex/changelog.d/+a-lexer-can-ask-for-the-terminals-it-will-accept.added.md	1108	078d248c988568ae7f5964077c65e35320e3a19d107ed69ac9bd568d671baa9f
irregex/changelog.d/+a-lexer-slate-is-not-an-interactive-search.fixed.md	984	2765d2ece6610fc4f11bdcc2e551ac112a44af7245bc77b23dfce0251296cea0
irregex/changelog.d/+every-index-opens-onto-the-front-door.changed.md	2404	0e411dd6390bcacabd2c90edb24c08d8d1651bea7e736e5a758b19959aba3bb5
irregex/changelog.d/+give-irregex-its-own-technical-report.changed.md	205	3c6283f0778b99b090ea8a87170c5810879bfdcaac81547ca23c5db62add85cd
irregex/changelog.d/+measurement-instruments-degrade-off-macos.fixed.md	162	4fefa4d4bad0a06ce9b636ac3aa47f109574e9c99f0774b882ef4ff31136c780
irregex/changelog.d/+the-changelog-builder-stopped-reflowing-the-prose.fixed.md	879	9401d8b2517c0027dab77311e5a6782005b5b15d9e288f011fc926626e491522
irregex/changelog.d/+the-install-guide-named-a-crate-that-does-not-exist.fixed.md	706	72f69b65cff97efe67462dbb7551e188feea86b834187bd68a4b320363769035
irregex/changelog.d/+the-lexer-can-say-literal-not-just-comment.added.md	828	b561848e83572440b09b31e512529ce594ec8da737e74c9410bce110e10e8e41
irregex/changelog.d/+the-settled-pattern-differential-reuses-compiled-engines.fixed.md	174	f2147f857dd546af31e8247a5784b401a9def6c79d11cde48b9516d6f0ea839e
irregex/changelog.d/+the-unicode-properties-every-identifier-is-spelled-with.added.md	1062	db043111ec216a676a3851c7489d0a130bfa05d78868a8cd03ccd8ddec9f2ab6
irregex/changelog.d/+the-version-gate-stopped-reading-the-release-notes.fixed.md	988	54120489b5895adccc17515959109c7830ba5ebbb8b823a9c4173f48d8dd60e7
irregex/changelog.d/+windows-runs-the-real-abi.added.md	288	48e60da8587525a74c94638b7eaf2222564c9268f57ca4bdf012e45f30b58f43
irregex/changelog.d/README.md	741	e58569fed9a83423f433c81923bc056dbe7c37b239f632d321ed821d1ef4b775
irregex/contract/README.md	3375	3698d79bdd37eb789a0e211724889a60ea8e67a827f9983de7b25a310cef7d46
irregex/contract/analytic.toml	22729	d11dff1f81063ec27d67ebc840b53ba0ba32d4520a30563162a05352e6b41a96
irregex/contract/crest_evidence.toml	3937	3caeda8caced8e8deed7cc0ea3d99aba9593a61f9bcc451cd86ebffa7d0aaac8
irregex/contract/engine.toml	18768	208cfcfb3921d2c15450c56c4393c050ea9f883a5227eb0c5afefa211ed33d12
irregex/contract/irregex.zone	13247	876f3e2c07022368e59ac1824d158abafed6f36cff10a68832a9ba89f29a71dd
irregex/contract/kinship.toml	16391	21df1ccb5614d9bf3f2aef03dc8bbbff8a396a5bedb2fa44efcadda0a3204c2d
irregex/contract/performance_evidence.toml	12799	25416e2b3f3c2eb8d02d948d56450b078e5af8f502d69292e960caf11faf49f4
irregex/include/irgx.h	23875	50eb096ee83f9e90730c49c256372bd338d92a85d1615664eed59f070ffe134a
irregex/mise.lock	7728	b5c0f18b4cfc67af2178738fe54aff7161c2fc89b6a987a1a93a4478042dcbcc
irregex/quality/ratchets/README.md	5660	a783f8b794c7ce740c46598df670ee560aa82fa51dd6781e5ee5d63d3989c0bb
irregex/quality/ratchets/_lib/__init__.py	691	9051443b85ab738dca346fc47677bcb889ffbc3f4774a52d165d055f66c25f50
irregex/quality/ratchets/_lib/ratchet.py	12703	0f13181fd7a8b948cf19e11972f6fd3212ba5151d2a0436492abf3527d5e5f89
irregex/quality/ratchets/_lib/zigtext.py	3670	889a0fc522c1043864cc22046599c2ee23cbdee0c552f9abce02c010e743f7ab
irregex/quality/ratchets/assay-bypass/README.md	2610	7180f6a32a81057e740ec4d3b836a56016b81d2ad4338402555bd9494fc3fb95
irregex/quality/ratchets/assay-bypass/assay-bypass.baseline	784	e6de1490b0448427cdce03cfd8dc5b02f3e3f1280fd98d84731222847b2ac39a
irregex/quality/ratchets/assay-bypass/assay_bypass_ratchet.py	5558	5e89b1e2b5a5c7328f41dc5ae8570587cb2950080f38094e7762727aa8b2f14a
irregex/quality/ratchets/assay-bypass/test_assay_bypass_ratchet.py	3515	88854421f7b05b5d9213a0851400193cafe86ceeabae3c5b500c1b233c67b151
irregex/quality/ratchets/dup-helper/README.md	1432	6f40b403489b6e379fe3ef2eacc667b75ec3a6cf733248091e95cfec94a4c876
irregex/quality/ratchets/dup-helper/dup-helper.baseline	488	15522e934955ccdb3ecb13f20c8d1fc814d23ca2d7a52aafd8de1afe23ddb4a9
irregex/quality/ratchets/dup-helper/dup_helper_ratchet.py	9360	2f28b9d9fcc20ee6e3c5bb4fcef2617bf50503267d1faf11cda282325b8e6f16
irregex/quality/ratchets/dup-helper/test_dup_helper_ratchet.py	4403	205e8736a9506cfb80a69c7806e9ce097069fc6483af6f709328d7cab9c70a0e
irregex/quality/ratchets/fault-taxonomy/README.md	5172	20b8374b60085098997a65fb87c7c27ce98c5d168efce851da62395d90225b6e
irregex/quality/ratchets/fault-taxonomy/fault-taxonomy.baseline	853	69f07c7d13ca3699b4b808eaf36a42b9cba435b06534d8800f561e0677e938a3
irregex/quality/ratchets/fault-taxonomy/fault_taxonomy_ratchet.py	24054	6687f723f7fb9f2de2abbfadb333fd98d3b91f94ff75e0e6cb1ce44a547c226d
irregex/quality/ratchets/fault-taxonomy/test_fault_taxonomy_ratchet.py	16503	e72595dc45b30665cc0da763cb4d28f273fd1ec04244cd972a1c88fe669b89a8
irregex/quality/ratchets/isa-floor/README.md	3307	59bb591f41c33c23677fae89298faa5a2536cbd92676780dbb50546c28e9b1ef
irregex/quality/ratchets/isa-floor/isa-floor.baseline	743	70369f78b74327890e1601e836e17a33652273069d9892d6f6634757467c4855
irregex/quality/ratchets/isa-floor/isa_floor_ratchet.py	6968	bbf4a9cdc76f06b85cd006e4d6244cdcfa51feb583acf24c4a9b5a97cd636664
irregex/quality/ratchets/isa-floor/test_isa_floor_ratchet.py	5336	551971754bd17e5a2a3f4f26fe8c4d0cfb94a43474a0fe3119906471f5712e94
irregex/quality/ratchets/oom/README.md	1816	4c4c1e3fcfe83d5b37681fd11da6fd1dc704ab80aaea8a2dd645ad4b20c0386d
irregex/quality/ratchets/oom/oom.baseline	366	20badcfe7b8679da00b71f154a3448d059ebafd4a413e986009da0df6df61cb2
irregex/quality/ratchets/oom/oom_ratchet.py	6661	67f2e7b1531ada7759608125091ca2a366f731ea579722995fbdc6b6482aed6b
irregex/quality/ratchets/oom/test_oom_ratchet.py	3195	8c0ffc39ecedb1d78397c5c6ed2aeefc9431fd2fdbc219edd14a612ad77dfad0
irregex/quality/ratchets/run.py	4117	d4dee94d385aa1be0de3710ee55aba192f1b18f4d1e81edff77d0948e094375c
irregex/quality/ruff.toml	794	03c8cc969057681567e43374582c0cc4155d599fa5d6a4b80bb0ef191bf2583e
irregex/release-please-config.json	3673	0b03cc5c3908ec527e24ade026793be85d86ba50d17f68768d5b0c81f3384b56
irregex/research/README.md	3184	5b7ba1c665610de836bff4604305875a60bb46af3ded6e73f9dcbc625b7e02a2
irregex/research/automata/CLAIM.md	69185	8e36614e6d35087b393d3cfc4486debff6d1e8132e53beb56ac47091ffd1f015
irregex/research/automata/PRIOR_ART.md	13390	dc2ff9169ae773e50c620e6a1ac924de930404bfb1665f8f11fb6114ee061fb5
irregex/research/automata/README.md	12984	5fe54cc3861da1992e1443f71f9d7150dbfdad956b014bbf527836cdb59326a7
irregex/research/automata/TESTING.md	6878	e966c6475952eabd3d186ca7671dbe22721327b2d689d787cc73179a89088f62
irregex/research/ceiling/CLOSED.md	22576	fd53a2125fd1e5231075c0389fd855d7f6a58a2670addba476b4ea81e0093a13
irregex/research/ceiling/LOWERING.md	4200	6d04e1bdb88724e0b08a565d800e6caba223c990f4017ce5cf69ba8879d383ac
irregex/research/ceiling/PRIOR_ART.md	8364	a7bae569a32d89d14902a088476a0b7ac097cc85e21c419405efa8139bf5db2f
irregex/research/ceiling/README.md	9073	1d4818b8aaa393d2ca2b84c80dde0820f0ebf5115c1faa36efd45db6d00ee3b2
irregex/research/crest/PRIOR_ART.md	37431	3be4680118a048db9f440822b22e44ab31430c86790b5c6c73ecd2e64699fa16
irregex/research/crest/PROOF.md	50867	b43f0d97413ad87145fcab8fcd0be4a31cd9f453c2010b4d50c4e571ceca5f49
irregex/research/crest/README.md	6405	77accb5bb9714b1f418f6a44ba3615928a730c278212bee0511e68ff05f55550
irregex/research/crest/TESTING.md	12574	bfd8d466f1edcd5cb1fce851ca22a0ed625e28a1d0c13fdcef1f5dcf47734a5b
irregex/research/pincer/PRIOR_ART.md	18312	fc49d28d923860d3f9751dd078334603f7dac5bc1005d8d7b99dda3b596075c2
irregex/research/pincer/PROOF.md	40091	53cae0c9b68a3bb871eb5c14ea50fdb4b51fd99808fe68e171ee43c96d41e898
irregex/research/pincer/README.md	9940	a4f19d661f46ad502696d6a7fb6e9de7e6ed390ba6f11020477391b416850cb8
irregex/research/pincer/TESTING.md	10348	4175d819cff811f7a79faed4f2ef3d2730af73f31fea84e55f9c139ca2c2acaf
irregex/src/README.md	7488	5be37733debdbaad33cd25b910a1fb83f61ea14ae5c1981624485fbd0e2d0a98
irregex/src/assay/README.md	8201	db0a668e7c9ba1ee50504cdc5e8b8e437a03e63a535bc2381c7d7d0068a37cc7
irregex/src/assay/assay.zig	9164	3282963c7ee1cdeb9a04daaa01e771b0fd25fea5b26d74cd6a7468b470efdbf8
irregex/src/assay/brand.zig	3553	ff25aa724207e044ee4e90fbe3600a877dd35d8b593bfa9c055b09bb5edf4869
irregex/src/assay/channel.zig	18906	ce78998b16ac98404f65ec08679a1c6ddbeb1bd45a44fc866af3733e1bb18327
irregex/src/assay/span.zig	7878	40c6f485572d66395b7b14072dcdcef3b5fc2d4fbc9b8d2ac8f2438a5ad952e2
irregex/src/assay/tally.zig	4490	15b84c054b8e302b3f9ea8d5b67f7a2eca64cc4286581a765fbef9617aba2b41
irregex/src/corpus/README.md	1765	49f05ebfd9038bb1194927b83d49f3d8fd7439f413456c51777d3a19c650a6a6
irregex/src/corpus/fresh/README.md	7768	29395206ac99e8feec65431a502c029ca7dbdad2c62e97ecb8c57c144d9e24d5
irregex/src/corpus/fresh/fresh.zig	31857	81a5902bb3d2c040999b746f29bb2225a06f9f434b49b31dd9462a69ef97c955
irregex/src/corpus/fresh/fresh_test.zig	9837	99a023bef5db5f331c7ee71faed8858d62099869ba92b6b3597505e41fb5a496
irregex/src/corpus/fresh/journal.zig	26507	3bd3c41596bd107b63ee377686affadb8637312e9d8ea4a4cd22dcbda48d6365
irregex/src/corpus/fresh/sweep.zig	13710	6a6049fec4ccc4ad867220cd0916f74574cf2a790285dfc8ec49b5749a5b84c6
irregex/src/corpus/index/README.md	1987	4a6f5c6f5c5eecb22461f5d59b772de797b0adf728d80ab113f4678d9eea1e50
irregex/src/corpus/index/content/README.md	2744	830abd4feea66e40c143be56aa47049945f4a2b5cce83f229e489f1f6372c855
irregex/src/corpus/index/content/shard.zig	18841	90c010cd96cc467b3e7978be4e1d108a426475353e301c746d4c9bef6612cd8a
irregex/src/corpus/index/crest/README.md	4434	da25d88f30dc91dd184b1e58154b51cb4cc962cbe80d984a4803b15a8e4eaa9c
irregex/src/corpus/index/crest/sidecar.zig	7973	e879b7c82b18e5cb3b18ce44d643123ee8931e3c02461ecbdb22e906f76678b2
irregex/src/corpus/index/crest/sidecar_test.zig	5891	b88c275cde115a5b8556393eb37386a427549254f3859b4496440a343fe3720f
irregex/src/corpus/index/frame/README.md	2472	df49df454741426979bdd8be97467f6309233473660c0b9a00b7e637eca42ffe
irregex/src/corpus/index/frame/frame.zig	21539	053b102ca9e17bdc48213197d126c9e8f58d7926ff3336ab964c04eb87f45c9e
irregex/src/corpus/index/frame/frame_test.zig	5213	878cc7e3f80f8cafd031c1d36b271b0e41ca902f00993ab22add6bb1b9c33593
irregex/src/corpus/index/frame/home.zig	2910	b0a211860516b0a49ba6609b596c87dbad50d36055823ded36d763a9f568a2cc
irregex/src/corpus/index/frame/quill.zig	3819	571bc7c2db164931208916aedd7cf5f5d1a5f7ce9a7356a103acb05528a24813
irregex/src/corpus/index/frame/signet.zig	9790	30f3e1f03f9d233f990db314af3d5fc4759d868f48bd5bfea10c1700359547f0
irregex/src/corpus/index/frame/signet_test.zig	7727	7522709d74ad8e4f19ef56adbf2b6ca28960aa1b0a9f7184e5dce1c44a7cbee3
irregex/src/corpus/index/phantom/README.md	4483	36ca1bb2ebcf82f0ac2b0abe91e7f39a3704ba2f7f20a53835f67f179ba9e0fb
irregex/src/corpus/index/phantom/treemap.zig	14352	b58e783872b19678b860fd3a0a88cc69c14fee58aa5a9358fa5fa6efb343ea5d
irregex/src/corpus/index/phantom/treemap_test.zig	7387	8deb1f2905bf6c9f7f46412d787ed00982e6bb5af8f77727d5a44a47a6cede0b
irregex/src/corpus/index/postings/README.md	1298	c4d67b1cfb17138a4dfafbac7120cdbca92ebcbd01dcda9d97e7d9e5f8bfd318
irregex/src/corpus/index/postings/persisted_blob.zig	8276	cb3115a4532f2750bd349a88d666df38a3761137b5aa1cac8848986658930dd3
irregex/src/corpus/index/postings/varint.zig	3928	74cd405e4f9ca3c044d840a66f3a26bbc2ab7dbb6df335a19e6a92714b6b9732
irregex/src/corpus/index/postings/varint_test.zig	4675	46978bcc357fdf3f7fec5198d5f09609991d691590c23a805234c5cc960afba4
irregex/src/corpus/index/shelf/README.md	554	20cc4ff1d2e1a6abf60bf2a839cfe58e574713e9315caf30650adee415f3dbed
irregex/src/corpus/index/shelf/shelf.zig	11297	26b5170e40b25cbfda03d1ace46f451b5a6698ffa69c6b30848db96092e8d7a8
irregex/src/corpus/index/shelf/shelf_test.zig	4037	1399e4b894116315bfc74370eb31c74f5f24964e88d9b419b938ab3e12901edf
irregex/src/corpus/index/trigrams/README.md	6034	c3a2584fd2cb8bc74614e10143b544275e2d8f7b1c1b0755ce7747f7bdb7f8c9
irregex/src/corpus/index/trigrams/codicil.zig	16036	55cfa9e69cc6be530ac68b7f4c97fbf89f221a693f5f5579d2c696b0673a1c2e
irregex/src/corpus/index/trigrams/codicil_test.zig	13148	2cc5ad1fc3de0732a461dd020c309845a8d253696b3dc939ba7709403187d092
irregex/src/corpus/index/trigrams/kiln.zig	18917	ad50a85fbbb47737eb2377caedebf13ec42fa495f3b1c144c74382ef626aeaf9
irregex/src/corpus/index/trigrams/kiln_test.zig	7624	b8aaa79855d505eea5b2253d590aa1fe3f88baeabf3ccd8981ca804e2f9a7a57
irregex/src/corpus/index/trigrams/lapse.zig	9049	1c3f461b5135f61c5f3937c03c0b1aed5be2f0d59960643a7951a7123ab9af66
irregex/src/corpus/index/trigrams/lapse_test.zig	9342	ed78550a998dc5845b532c8e5856ae49aefdaf25a99bf44cfbf6e476ec3b7a75
irregex/src/corpus/index/trigrams/ngram.zig	3042	2db05a3c26041a852bd76d66fc5998c75a14317986617c6fde9ca36e9682b46e
irregex/src/corpus/index/trigrams/ngram_test.zig	2595	68c52b52fb58494ff2c5d0a59d6aad80d32f0832217f049f939afdb6a530c2f2
irregex/src/corpus/index/trigrams/persist.zig	36522	08ddeb722d7aaa5ae34a62d39d50eb05d32b2f3597f3830f52ab8275c83885de
irregex/src/corpus/index/trigrams/persist_test.zig	15051	2973390db2488fa9d36f4462936667f014184b7a0bf5f826630731bb87de00ad
irregex/src/corpus/index/trigrams/sliver.zig	8847	582b3ee3546ca1aa185dd95ed04364f13a9b9f45ec0fb138df0325993d8201db
irregex/src/corpus/index/trigrams/sliver_test.zig	7914	a5fcea697f5d349a6ef66fd314bf6561af6fb74adbb4a8776ea66f79a2f088d1
irregex/src/corpus/index/trigrams/trigram.zig	31882	e81d278d54c96548a87f2a4576d7224c47ec365da4fc3f3cc153af72d46b0f80
irregex/src/corpus/index/trigrams/trigram_fuzz.zig	8403	281a82e92aa5c78fcc9858db20ebe6f64ffffb9dc28aacf34e360bb23ec3b454
irregex/src/corpus/index/trigrams/trigram_load_test.zig	16587	c2e786e249f65406fda446e6fe4b4edec043e22572fe5928ad628cf5da05d8ea
irregex/src/corpus/index/trigrams/trigram_test.zig	6858	55bc77317e20d65e800da4cde016a79298f9e54871043cd5dfcb6ce71fce4b5e
irregex/src/corpus/read/README.md	694	800f202b30a047dee7f2498074da875f3d44e84824f78d9d0798e6ecc2f66432
irregex/src/corpus/read/encoding.zig	30272	36570260ec593b084307056325e3dff86446ee72ca4d174614c1eb76ae20e97d
irregex/src/corpus/read/encoding_tables.gen.zig	893390	114fdc4ca824f578a66a98f0b5137c427338b4801cdb6b45fe0de7176f0c66b2
irregex/src/corpus/read/inode.zig	12295	7d90afc2ea8aa8f856b7f732be68a561d85ec570df6270a5aac564690db283b7
irregex/src/corpus/read/legible.zig	7464	d7dd946b4f7e892036514bdf1dde7ebace86f00a0ebf8ab2c0a724cf417d5ecd
irregex/src/corpus/read/slurp.zig	11545	9da96a078da93d1a7c7371c7f415e84b0860df237b2205623236c442249a3cef
irregex/src/corpus/scope/README.md	3666	ebe84ee3b87cae534590e506f7e4dbd47a2b372cf373f47131e01728b2e5d6c8
irregex/src/corpus/scope/charter.zig	21877	817e8aa83af7e849e563c505e537a7dea8eba161e7d6bd24ae428227448c27ee
irregex/src/corpus/scope/charter_test.zig	9225	7f7046b058d00c686cbc67e9828765b03c9c45aa98cb6551eb65300c5759eb8b
irregex/src/corpus/scope/filter.zig	6470	bee5ea4a61e65f949148adc8173edaa3734739317e49764a3ecc7b29dbbc2dcf
irregex/src/corpus/scope/filter_test.zig	16439	f041a8dd55f94a522be29ab806cad2e357f9637222247c1c1dac162e0ca8f72f
irregex/src/corpus/scope/genus.zig	26299	6e8136ad2e8aae9dc17a042fd5420b0d86c84ff8803e8a1dd2053a993dfa0947
irregex/src/corpus/scope/genus_test.zig	15684	0a6111152c1ace7c3e5cbd4267c533b756cce51d138de730bd5a889be04b02c0
irregex/src/corpus/scope/paths.zig	11823	0c22ce47f4473ee72e2504e942f74fe04b7e5ad9543fb3315fc8a4b73c536928
irregex/src/corpus/scope/types.zig	25277	77e137c6fc896e6c226c9a9f7bbde3b3c6e0c0fe5966d14b9c00cdd1ad1c7cb1
irregex/src/corpus/tree/README.md	2068	d8fffcf684590c51884719c173cceb9e4b604d051dd666ee1dd94cee683f73ce
irregex/src/corpus/tree/bulkstat.zig	11289	0ed0153bbf8cb05f425d035631e5e85411a51845ea7985915758ccc808495bf2
irregex/src/corpus/tree/bulkstat_test.zig	9609	c5d1270f1de40cad56577ecff917fa59be832e48b6e3f21449bdd461b71efb25
irregex/src/corpus/tree/corpus.zig	37969	7d0eca35b06022d5e864e6bd417b21a91fd7f6c53a0eb0229bc6dd781fbc1277
irregex/src/corpus/tree/drain.zig	19033	8ace22ec13bfbdf1abd11ad944654833cb53bfd908368630d6760efcd376cef1
irregex/src/corpus/tree/haystack.zig	17052	3d450217a7fdfb114dccacac96c6acfdd762978308e9baffd7490495e78bb5d6
irregex/src/corpus/tree/haystack_test.zig	7578	ed0c196c3da1e6a54c9b5931388ec8ad63c3501f6233252bdccfefae586d325c
irregex/src/corpus/tree/ignore.zig	81438	d40d8d029c67c00e80b5a0bd3a12397abe720ce819b2fe674e2f9c5eb3ff9830
irregex/src/corpus/tree/loadpar.zig	29425	8dcb355554f7d0d9eff43aa07d61b1a39fe625c50bde0b089fba537cad7564f5
irregex/src/corpus/tree/sheaf.zig	30638	70d4bee49fc4c6399eb67a5428941e8aef2154460ed5e29fe44e7866f16ed947
irregex/src/exec/README.md	1613	2f3ee284329678f2fd0a25be06dea41a436590854f4c6f12474222f0d8dff9c9
irregex/src/exec/cold/README.md	2500	03ce4de2a7729cf1d466fc7e0713255b12f915052d7894ec32235102c3b83e80
irregex/src/exec/cold/argv/README.md	6807	73138b916c432ed523158bda01fbed5cba311033c197bb041ed548cf1d512155
irregex/src/exec/cold/argv/args.zig	4482	3577e704e9af0254b810af9d931a50f94a0112708c717511d0f6c557ff511fdb
irregex/src/exec/cold/argv/catalog.zig	54809	4147519a90339fe25bb7f15a6f694034469cd87f67d7631d399c4b08e9e38dc2
irregex/src/exec/cold/argv/grammar.zig	32254	f48424a568d4dfa34d4757ef83db7657acbbc0f089412e07b70653e228b76519
irregex/src/exec/cold/argv/intent.zig	41024	3fb52686e3b283f2e70d39d1e038758dde67e5bde0a733b37abaf3806480fb65
irregex/src/exec/cold/argv/preference.zig	17363	43199d7e034dffd7a0d121088ec5d181ac301d1e23c49233ade7e53ed1796478
irregex/src/exec/cold/argv/preference_test.zig	7649	bbe85111f9895610cb873e4cebea198c88dd09fd8f8edf0691b5302b314f741a
irregex/src/exec/cold/argv/shape.zig	15046	b746c3f9173aa1b1f036cd8d603edc51e648c31b7941e0a1f0120f4799c95705
irregex/src/exec/cold/argv/verdict.zig	6790	d237a06f9e0a151203dc63a0770dff79c8a5e998488c3e6debd34c4550c13842
irregex/src/exec/cold/emit/README.md	6976	11f858c87ce67071a134c682da6e4d1c6d63fba8c099a62b220a7f40b57ef2d3
irregex/src/exec/cold/emit/color.zig	15041	f03f046945d8ccd11365b213a236cb04c92f95c2637b61198d827fe0e69e6483
irregex/src/exec/cold/emit/hints.zig	24703	62c87c7339875a5560d8583dea85da9014c092e6f2a9b5cf2c78b639d6afbffd
irregex/src/exec/cold/emit/json.zig	51993	c4804ae23944dc21c49d21a906e0e2f1dfa9c73c7f4644223714207b5866d685
irregex/src/exec/cold/emit/multiline.zig	27658	fb7b40b4636170fdb92e17843b910cc4b5ac33190bc525573f28a85ede76f7fa
irregex/src/exec/cold/emit/output.zig	37002	5f6f2d301c6caa9eb1ea34272e220d45bd25606ac732aba68a4ff006f92a2b0d
irregex/src/exec/cold/emit/output/README.md	3450	e51bbbb4188f2454437e682f9d84d71e73f00e8792362d5b989fdf8897c5e18f
irregex/src/exec/cold/emit/output/display.zig	21413	aedb2b7830cc0e97a23cf7be6496ffa07d2e85edfa9f84beaa63b5addec5ab81
irregex/src/exec/cold/emit/output/grid.zig	25929	31808d2eef0cfed8ab05e6c3f41635e604b80db612de87a0801ea7287e7d9e90
irregex/src/exec/cold/emit/output/multibuf.zig	23416	3c58fd481f10feb229d1664c3bca012bbfc01e9e2964def75de433f9405a4861
irregex/src/exec/cold/emit/output/multibuf_test.zig	9642	98b065251a304e96d485a4f66396c1ef4e43247d3028b518cef53a49ea266abd
irregex/src/exec/cold/emit/output/replace.zig	8808	d60624fdb7a16debf37230733a029f215183dbbc3c8cd949298b2855cca8ac2a
irregex/src/exec/cold/emit/output/skim.zig	10947	3532e74d8ba881902289704db420b0a20f0be36b0714c1b03d3112c8d183bb77
irregex/src/exec/cold/emit/render.zig	34431	4be9ab72eaa49b88cdc2bcf9e141181539b37af896eac27ca6945c98995b70da
irregex/src/exec/cold/engine/README.md	3649	bdc7995eabd879d6656dab89acab1fe2986bf83bcc9c4aa456a00d46f7fb827b
irregex/src/exec/cold/engine/serial.zig	36702	6db7324922c83e8490315ca533a6bcb22cd58f7b48073f5e2532bf6d0589a8de
irregex/src/exec/cold/engine/swarm/README.md	6903	35a4b7212d23f327ae746894d4104406501c7e86555081442717c3d23b9a2d1c
irregex/src/exec/cold/engine/swarm/crew.zig	29664	744183a78af862f902243a270db9331b97af4b2a543d57fe6282accfc6dfe113
irregex/src/exec/cold/engine/swarm/descent.zig	39399	76a16964eda932e5d91683285c986961487dd2baef53c7291c549dbae25406ca
irregex/src/exec/cold/engine/swarm/queue.zig	8686	7f2286057eb826b9796b46b66f9065b0e44d4e59b5009f26c44e6ddd0aca71b5
irregex/src/exec/cold/engine/swarm/roster.zig	8935	a25be6420ca199ab857ee9db58060be5ce6a018404a1b5c66e76f57e8e4a9a17
irregex/src/exec/cold/engine/swarm/sift.zig	31081	27977da97fc8b3b99b24a5e29bb05b6715d026e76eb9e2e9f47c0a52b4f1bc10
irregex/src/exec/cold/engine/swarm/sink.zig	7714	304eb30c166bb9e8bb5752b3ff8a505d7fd71b1b4b8a0f9bd4e9eb4029fb1329
irregex/src/exec/cold/engine/swarm/swarm.zig	36560	d031abc6101b287405ab9a02d5dff8b245fea90e42d8b3d32e66f23193f4ae1c
irregex/src/exec/cold/quarry/README.md	3968	9d7fb6072e88d48c6380654bbe5a9905801b6d4294bab0e122a241268b28f904
irregex/src/exec/cold/quarry/elide.zig	25227	a105e12e750edaaaf243127a1663adf7de950f9226ecfbc9bb813b7e9ee8e85a
irregex/src/exec/cold/quarry/intake.zig	30418	c5b8baa04577ce3349fd6122bfeed81798699ec30d1c0e36bec1e8efe89b5fdd
irregex/src/exec/cold/quarry/notice.zig	4307	96d2a2e775eaf3cc1f4b28e75d6efb5c10c7be52a6e3ecb41c3e37b07ae85c46
irregex/src/exec/cold/quarry/order.zig	9703	715a331e7c43f17bd079c01e067eaaa278bd61f730fc913d735e6c193226e8c6
irregex/src/exec/cold/quarry/stream.zig	5572	73749123f246cda62b534a58bf46c9d9dbe400d0584bbb0b47867d8d8370659c
irregex/src/exec/cold/quarry/walk.zig	25256	cbcab296dc82cbbf8f2857fe7f2b5d7858a78449248cf43ffa19ba0f8e00de4c
irregex/src/exec/cold/read/README.md	1478	e2a0b593ba062ca95d68a58075a8ed8a87157f005d592a8ffdc5ee731b6fc49d
irregex/src/exec/cold/read/binary.zig	14989	eadc84d32b52eb9cd3bb2547995b1a80d92f99658ee9405b8bb373d789415787
irregex/src/exec/cold/read/ingest.zig	21016	31768083b33c7a52dc8fde76de8eb0abd60591e57a135ee418900ca95f2159f9
irregex/src/exec/cold/read/stats.zig	12735	da39f5a9b259b69626da873a892d56c27c876b3a7a2922a69e0b63d9ac126489
irregex/src/exec/cold/view/README.md	2797	c1c8424161c35fed7dd62c197a8d4b115e97ec127bb8e2bd2ac16bd45f32ea5a
irregex/src/exec/cold/view/commentscope.zig	5394	9b8a01b724506855a0fd6aa5a7dbecb39f74ca337a47803c1373a2d843e63981
irregex/src/exec/cold/view/ranked.zig	22280	b254ba3f983c2af6e62dc4b55f8cd0f299163a4bdbe6a07542beeb8662223183
irregex/src/exec/cold/view/view.zig	8052	cd814626c0f1dcd67de6ff118d494a9cd6e4b3cb0f089e5113e3f984c56847b1
irregex/src/exec/cold/writ/README.md	3728	2e4b80f96fab44daeb7f3b4fd1ca69eb849dd3c0fe70d6e91643bd6ae941724c
irregex/src/exec/cold/writ/arm.zig	11665	4c14fe2c0a8aec207cfabbeb0eaa93e9fab262afaca953b18b3fbc680b3abb22
irregex/src/exec/cold/writ/directive.zig	11118	64f59ae213663c8f7df6a7af99747e4ed2afae86f6ddb3370b7353351479423c
irregex/src/exec/cold/writ/gate.zig	15090	4a0cbc1b14f154af553ebea69e01377dedbeb6e6716d0694e1a2f0dda56064fd
irregex/src/exec/cold/writ/writ.zig	5411	28559beb6c4de1f0c4f04162a11a86a1e59c6a5d4be169e129f13744be3a7314
irregex/src/exec/session/README.md	3590	dd3f167c742e2e7692df27574236aa28433f99eb2f8db40bd2805ef6b76c82bb
irregex/src/exec/session/answer/README.md	7018	a096697a2f4801db17cc2b98effdcf2af618c55e147e107d71ec2abd0db1c828
irregex/src/exec/session/answer/answer.zig	8074	28d547bf09ea9d58f721e387b364e2fd62135554a8f900026ea010b970139d88
irregex/src/exec/session/answer/gather.zig	19506	56d6a1c21a1421b8bf8bcd2548755e772c9c360f2b0a85ffc5b0018c275c343b
irregex/src/exec/session/answer/keep.zig	12886	94f7f46dc3af67748bd74f4b38ecbd8643820b8b17a28cef7baf5888d665a99a
irregex/src/exec/session/answer/request.zig	27345	bd1a831dda635ca36b373a4accb121139f0e5b2224376a79f1c23f72bba46ff2
irregex/src/exec/session/answer/request_test.zig	33219	7f36ff16b193f476d3f25ea9a093e4fe04af04290f12eca5e17ed19841da5e4a
irregex/src/exec/session/conduit/shm.zig	9275	8d1edcaf18521a1c8ff89b4d0e9f7d0ef2b4f05312de215af603b239b3f3b860
irregex/src/exec/session/facet/README.md	4182	59919365a4a8d36500afc24610d32ac2814283b9fa69d5d9a46a206fb3617eae
irregex/src/exec/session/facet/fold.zig	17575	cb64e8baa7b5de637c8d757e595e1dd0db25bb058763c718241924d5e88346d7
irregex/src/exec/session/facet/present.zig	11156	21021febf8e234ab32506de5a312069a3a6b951e9738857ceb6d0e2372ec76fd
irregex/src/exec/session/facet/render.zig	20905	1b7e895f2bb93038d81c3ef7d65575d5390ecd07f862cdace0e4367ed54db0c6
irregex/src/exec/session/facet/render_test.zig	11034	ddc11edc7db7a7c9848bfb0ee8dbe6ddfcf9b9843a2cf829b901a4bf0b3cee43
irregex/src/exec/session/facet/stream.zig	21639	9669e04f1707b611b325fb82a10e2f133067593af7ee527260b2d773b50220d5
irregex/src/exec/session/reconcile/README.md	1668	499b128c01fa17f395aab3d7a6b55bdd43e29d0f9ef53b28725ad6d98708e8c8
irregex/src/exec/session/reconcile/annals.zig	25548	c2ffd0c8e2ff1db990f918efe553afc56471b25ab13e83a172e0c70ed445ba1e
irregex/src/exec/session/reconcile/delta.zig	19468	71ddd218b4fc2f4f43037112d9d33f836f7b2a9b13a833e0afbaca983ec04014
irregex/src/exec/session/reconcile/dirty.zig	8634	9ec3bf1e86d227783506ad92417c731824a3b724ca4058cc6a1824d8c127eaa6
irregex/src/exec/session/reconcile/reconcile.zig	24143	55cb51f31675b4c5eb70cfb16b8ad07578e8fcea3d22c85451d6cbd316cc582d
irregex/src/exec/session/reconcile/reconcile_test.zig	11881	ce3fbe03f36f6afbee1221a9650edd793dad180803005a35eb9ee979c31411b2
irregex/src/exec/session/reconcile/seqlock.zig	9147	afbfdc48b48b0abec1c124f3a6163a67c59eed029018bfb710fa22a6463ff72d
irregex/src/exec/session/reconcile/vouch_test.zig	18377	b54831fb9c73621562081d10f8e95efdb99c59c24796cb913a4d3f1f02684a40
irregex/src/exec/session/warm/README.md	4484	65b23364df67368db8b06bb2fd3c8644a4244d5a465bd53d0cfff5a0c3f830bb
irregex/src/exec/session/warm/mirror.zig	25062	0112f91616973a583d6d3370aef00d57cb5c8b00c1d9885dcc9565dcac2c6ba3
irregex/src/exec/session/warm/overlay.zig	6537	432cd901de45cf398bcdb4757777218cc4f0b71a79a3009607e6234b475e4da4
irregex/src/exec/session/warm/resident.zig	28309	25db542899b3b20a96fff38c86ceaa315cdf28f7e27547acce6c85d509616a59
irregex/src/exec/session/warm/resident_test.zig	67446	2c277cacd8af9093b425331458721b62b2c858104498e7325db5552644762f7e
irregex/src/exec/session/warm/scoped_test.zig	23569	c767dac92484786c5e889566fe25715cd6fec1e907ddc1e19828c93904234f7d
irregex/src/exec/session/warm/truth.zig	1546	65f9596d3c20c7c8d4ce35ae5f6b74ede6b21dd7c7c67670495045455da9b35c
irregex/src/exec/session/watch/README.md	6409	894aaf9c493d9afe0e91e0213ff4d6f167c8aab764b0ca580bf3acd00428f41f
irregex/src/exec/session/watch/budget.zig	8809	1a28d3084f9b95eb234438ccca941b6c9bf709b5a74de512b1460a78252f2744
irregex/src/exec/session/watch/coverage.zig	15205	5aded30d3c4ab9dbcffe762de06f6522a78dfd88b85dbfa5cc262252d8bd3ab7
irregex/src/exec/session/watch/inotify.zig	13626	0b84d06337e8b65a9806bb86929f41ad41e796d72996d69957bf2d3f90b35713
irregex/src/exec/session/watch/kqueue.zig	11342	cf199dd7bf63ca712830827ed56648d19fdfbffe5d0704dc623782d8c5af757b
irregex/src/exec/session/watch/kqueue_test.zig	6551	ebd3953940424140cc4f28bd76510954df2f03f3669d6915d9f0a3495b3c50fb
irregex/src/exec/session/watch/notify.zig	26003	91ab708a71c9a19b5f36263a74a688201125fe1a7b5de3482049bae39ae760fe
irregex/src/exec/session/watch/notify_test.zig	10122	6c6af1ce86132191f694f1e397f98a9cc69dd3b28dbd41f367204946ba6bcef0
irregex/src/exec/session/watch/rig.zig	12056	691d29bcfe92a463e1955f506dc30b61ee05e91157ca7bbc7b3941f103550776
irregex/src/exec/session/watch/stamp.zig	1432	80015109cc823e537da93efffd996aa5a0db6d4187634abe35161e88c4cf6ce4
irregex/src/exec/session/watch/watch.zig	21228	b780085eec62d621d6cd1d7e1063c45f5fb9b4270a58aad8964f0474194cf7f0
irregex/src/exec/session/watch/watch_test.zig	14987	a25192a1729d0489be0620a6a1c59c42247b5d70f7a4ecc55a13eda8232eedab
irregex/src/fault.zig	22123	0f97754db24ee0de6485324f5e902f19b47e39ee563bd3b62e0ea60287a29fdb
irregex/src/kernel/README.md	2976	b6256438c92c35bbfdc1e9cfd40b4433e566a33bf5bfa063d8219c5961e348ef
irregex/src/kernel/anatomy/lexspan.zig	10353	02c1eb87efaa9acd5b04da023e7f8808febd92a3bbdebbf357554751b5ce13e9
irregex/src/kernel/codex/README.md	2307	16644ba2ecdde98d6d172d4966304279308cac5457b4891fceaefdac8b64ed47
irregex/src/kernel/codex/codex.zig	22471	0709a8ac0c858ee400db4c9f5432e4eea31eb92430eb587b55aa0a9bfeb96222
irregex/src/kernel/codex/codex_test.zig	24009	4eb2d5309dfcd21c988327f4ff9a04a20a2d9173e026c8b985df8a25f793f0e2
irregex/src/kernel/math/README.md	1923	4212ad04f1e12c202b5c15eda8c4f6d287c6ded09baf34e4d2b1e39ed5f45aba
irregex/src/kernel/math/bits.zig	11532	6a586fc3537e843ba145b1146e35738c508ae3f02bc5475d2171c03a6944d841
irregex/src/kernel/math/bits_test.zig	10494	724bb182ba1f367966aeb6e1c6073520cfd8b51679c03f334656b63e6cea4ef1
irregex/src/kernel/math/crest.zig	18697	82ce1aec41d42311b2d35d8916f7a200b7a2c33da67ad896244db209fb86a020
irregex/src/kernel/math/crest_test.zig	17674	c857042418d6f8cc0ae41bcf60ee19d566c9639b18ed7cbefe7d45f991c19ca3
irregex/src/kernel/math/dag.zig	15283	167fa4651bb24d9759202407d4c5e21205493f1ea60d02932e69711ce9fa4d67
irregex/src/kernel/math/dag_test.zig	10908	03edb99f6d389e3a1c71f92bb0eaefc692eee0d060c0f6107cd024ecaff18e2d
irregex/src/kernel/math/forest.zig	2005	b8cffb0c4ed664967ed850bc5f59813f441b0af942769713962a2d5cbc2e5992
irregex/src/kernel/math/glob.zig	6556	a2b6fc9fb4708977c8fd4a3824c259f5b0708c22dbceea6fd3251cfdea6c1ffa
irregex/src/kernel/math/glob_test.zig	3912	a6f3b8884907f504827768fc4d8dc053d769f037784fc0208c478e8454db763a
irregex/src/kernel/math/lease.zig	9303	76ba25fb28ae6844b2426c568a6c03b7af5b7667916dc6c3d5da899d92e0f30b
irregex/src/kernel/math/lease_test.zig	8214	98e9e55f065f453b6eae2ab0a8ecac490df36f523865f5b40f40b1f4cbc7b24d
irregex/src/kernel/math/misread.zig	5874	5f66bcfb755917c4b01a9a27ee6e0fed486467826402ee150041f0d79e1f58e9
irregex/src/kernel/math/mix.zig	1340	69afed684d3812ce0ca3a45a5c692cb523003b1d86ed15789ad6f144fa43fb2c
irregex/src/kernel/math/parallel.zig	9706	8a013f8e027481e22299096c61ec384deb3461ef2c72a9b31d2c0821675d95d7
irregex/src/kernel/math/succinct/README.md	633	1589b112c5a5b1270ed1622e5afcb8d3a1fc6085d9572246d4e514346c60d2f2
irregex/src/kernel/math/succinct/rrr.zig	17617	3b8cd872b992856509b4287a2861f4630ec66f41c09765c12a12f98d032ad2cb
irregex/src/kernel/math/succinct/sais.zig	4596	108f431a023c03d96a50923f45acfbf3f092a90ce9f8d67444a944c9221f8494
irregex/src/kernel/math/succinct/wavelet.zig	19245	519ffb1bbad349eba1fd41a9f7ad9934bfe996cb47fea4252579793d0efa8444
irregex/src/kernel/query/README.md	7337	cfbffc4dfd8a786b75ebd21f3cdc8dc29d1bc033eabf3b344429cf60349bc138
irregex/src/kernel/query/cover.zig	20607	c375b1acd1ec20d7ed23693fe3db4c0f0e4f12a369afac9a9016f79659d27e98
irregex/src/kernel/query/cover_test.zig	8634	0bfcbb43b8afc2c6e2b88b92b66e8340032e7a5365f5b5c84b8cc578b845a8de
irregex/src/kernel/query/prefilter.zig	13312	412096f05f4f24e2807c8ebe5dc1a5731f5af11690dbca8b218c67cac11cfc4a
irregex/src/kernel/query/query.zig	35579	fee4ee8c5c39b4f265c213a00f3344f6b9eee5ef866a33f0e94f65f66d722008
irregex/src/kernel/query/query_test.zig	17272	32e214337242a371d994e2877f4ed652c2efce4686da58bd6671393eb2d5d6bd
irregex/src/kernel/query/word.zig	3777	846f73e5f5922961b850c52fa408662735ce5003817bdd396c35dbf750a26004
irregex/src/kernel/rank/README.md	2324	c60bd89de11da08b952a9d86482b07b8b7a4a2bcfd1d196df284e184407deac1
irregex/src/kernel/rank/rank.zig	8613	d7c68f6c045aca6122446eeb0ccc87005513a99316c43bdc1469f47336f30bc3
irregex/src/kernel/rank/rank_test.zig	7246	084516d589235560a3b5ce7bf07606acbf1b969dbd64ecb2ddf6d064e2aa1892
irregex/src/kernel/rank/replica.zig	2801	a6f167bd9022086d03ac4b02b18826682ee8a5098c5af610c18dd9389f36eaa3
irregex/src/kernel/rank/signals.zig	17211	9fb9f267596b69e03f06acbfd45096c468cd739a7f832a2729cdced6f6e826af
irregex/src/kernel/rank/signals_test.zig	8900	099775e1afea9400d585edb9bf23ff90ecb831057d83c3223a313e81c7ffa1a1
irregex/src/kernel/regex/README.md	5503	62cd93bcfb608a10e538f9d1db082709280f28d04b4abf4566ae136737bbe730
irregex/src/kernel/regex/analysis/README.md	5401	23bc098b61898cad2b9a6772d31549ff02a87c3e4de4496fad351de77e902467
irregex/src/kernel/regex/analysis/analysis.zig	14910	6dff2d8b1cc15864a4ed8b18db7222bfadaf399ec4d7fd7727e5ce427c955133
irregex/src/kernel/regex/analysis/analysis_test.zig	28668	8294f3c5cce7a22301ef2d1baaedb597d95bee66478e631d1e68cbe4555b76a9
irregex/src/kernel/regex/analysis/prefilter.zig	9170	8407d6b8c3db95d5928e2edd13bc9dd55cb7afb990bac0554c14e501cc1ec778
irregex/src/kernel/regex/analysis/reach.zig	6519	4db6ede041e0f2005094b7006dbb8a12956b5cebd8b80abcd58f4634ca0456c6
irregex/src/kernel/regex/analysis/runs.zig	13108	892dd0142c85fc69bb2bb81c78b39fa1bf2aa010aed635c025bb41a11a42156f
irregex/src/kernel/regex/analysis/swell.zig	11732	03a235be9df41f340a03be884a9548d52889253f9e296d2574f6a6fc165338a4
irregex/src/kernel/regex/analysis/swell_test.zig	22502	94235f4c10650e32f11c9bb322d29d1ad3589808a8c6f89b7314c51ee9e351f9
irregex/src/kernel/regex/ast/README.md	5136	f525dcbdb9167a1616f0aa891e67f88ff8fafcf39cc56a12772e4bc2db147817
irregex/src/kernel/regex/ast/algebra.zig	12084	e41781c8270ca84a183cae16ae0d0dc9c3c5a4947fc69fab20daa5fa6f418396
irregex/src/kernel/regex/ast/ast.zig	9081	56eefc38b01512714543d4b1a4cc80f4fd7208797a9fc51544d32864e2ed4bd2
irregex/src/kernel/regex/ast/ast_test.zig	22369	46cfe06eca6b2493ddec3b5ad689508b654a1969ed49ca1fb6dd871476b9f029
irregex/src/kernel/regex/ast/facts.zig	11056	b10ae19f2fa96959deeb9530364b9279bc0bfb5d1cd05f0a17f9a7096e9119ac
irregex/src/kernel/regex/ast/intern.zig	10544	0b532da22e2de3f3068dd2a07e206a770bd10a1bb8807d335ec02ed514c5c409
irregex/src/kernel/regex/compile/README.md	3676	f4139a69ec488e94cfbfa540f9f4a9043f3bdb344b21501ced3f978af5ef5232
irregex/src/kernel/regex/compile/captures.zig	19323	5c745ec494abe47e59da4a5a5fbed8a0afd15c8a529c833fa85ee4267c555327
irregex/src/kernel/regex/compile/compile.zig	10760	5840eb7faa464a11515504909c119a4379b55dcb7c426a586f1f3196dbea603c
irregex/src/kernel/regex/compile/onepass.zig	18076	42397dc6813b3009b8814f1ac0442705cc26debc0fa67bebaaa577b8043af611
irregex/src/kernel/regex/compile/onepass_test.zig	18691	0149c79656822770c36640159e0ea48ff29beca750cb677c8033807e7fb5ae84
irregex/src/kernel/regex/linear/README.md	6536	63267514ce0995a167ce930a05c2bae7ef9b89531313376fe586ab667a47c865
irregex/src/kernel/regex/linear/automata/README.md	10232	7d58d612270515617e3e1eb932ba36649ebc1b7c8fc6ff394441d9dbc8aa8fc7
irregex/src/kernel/regex/linear/automata/dwell.zig	14616	5f3427806092a5f95a6131d891dbc7c47773bfdcde5f581a88354000f46375bd
irregex/src/kernel/regex/linear/automata/freeze.zig	16521	490490f78c0a74c960bfe38b31edeedb6504f748c73da3ffceed2dbe690f72b8
irregex/src/kernel/regex/linear/automata/reduce.zig	12701	81945f59b80187accf48732e604fd77a27ecc5b829186101cebd58927a6ed5e4
irregex/src/kernel/regex/linear/caliper/README.md	7864	dc67e549a953ac701228143dde2c0ce428f7195e508ecb31d1ea7b2977d0c953
irregex/src/kernel/regex/linear/caliper/automaton.zig	24049	5d31e29e5ffe92709a6e8680bbb625bf46ea7b39ccef602aecae3131a758efd6
irregex/src/kernel/regex/linear/caliper/caliper.zig	22112	fe4b0e4d4c0fb5dcae0fd1f78296a12939f6977710a78b3cca7a7b6e72e7771e
irregex/src/kernel/regex/linear/caliper/caliper_test.zig	9662	26b557809e8ffa672ba7ec03cb8f1b0b16cf276384723bfec5d5b8d3fd941bdc
irregex/src/kernel/regex/linear/caliper/reverse.zig	8610	fba7b69229939fa08ef13661bf0cbe5ee6d66fc61dad12ecf08141045c10caaa
irregex/src/kernel/regex/linear/dfa/README.md	5506	1b4743fe6002b4c2ba43589894d2fe8662c538faeac4ee3bfba1acc307db2576
irregex/src/kernel/regex/linear/dfa/dfa.zig	34872	061df75b6826d7e15bc89cfc6051bf375ae6a75bedbf0d3dc7683c53ef1f59f8
irregex/src/kernel/regex/linear/dfa/dfa_test.zig	25712	390f172205ed4f910b270243b9fd4263e11c5e4ae04be8420dde6d0ebf2bbdc1
irregex/src/kernel/regex/linear/dfa/lazy.zig	21547	ccff9a61e933de76e8e070234aa03e3f8439599c16387136304ef36f84cca565
irregex/src/kernel/regex/linear/dfa/powerset.zig	14282	87d3b6be6e433a0b5ee672a7a23544c794a15aa776437b1fb62261293cab6c87
irregex/src/kernel/regex/linear/dfa/powerset_test.zig	37869	74ac8595dd103ee09c019ee9460ed4689da0047fd1ea43f71e3ae9f49bfea438
irregex/src/kernel/regex/linear/dfa/subset.zig	24465	affc187d20366d02faeac168372845b5dc94583e366c44c55f09bfc3652a9f80
irregex/src/kernel/regex/linear/ladder/README.md	15813	a21b3fd78b79c164ea9b9b923cfa921508aa0cbe14d3e39027d64fa2831e14c7
irregex/src/kernel/regex/linear/ladder/price.zig	30764	4bb5f629c3a30c9af55bd07d50635e54f83a4fda941183a6559f48ff591b57b0
irregex/src/kernel/regex/linear/ladder/rungs.zig	31780	5dcf5e31fe604e5974fea440c490588c859b4f59ef950c843b8aa3de47d747c2
irregex/src/kernel/regex/linear/ladder/rungs_test.zig	7732	698a4ed7b19b5694c0fcfc9cc58f6ac5bf04b56fa906fe4dc80ec7cc08c8e492
irregex/src/kernel/regex/linear/ladder/verdict.zig	12196	7dcc61519e5002f18ecd43462c2e0196753bbaddac4d98fc3cf3cb385c883711
irregex/src/kernel/regex/linear/parabix/README.md	13564	2c85c111f878c4076fa4af7a9dd06a043f02cf3175f09416d287c994ba1943d8
irregex/src/kernel/regex/linear/parabix/admit.zig	16767	6f17283cf51f2aa97913f82ee241f53ba3f2b59d983b02feed12013e70a716b4
irregex/src/kernel/regex/linear/parabix/parabix.zig	17526	8992ae684a3801a6ea1c5a35d46edefd57e742501f8139dc555791b761e2edfa
irregex/src/kernel/regex/linear/parabix/parabix_test.zig	24951	54fb1308dd38f2d3c05a9e1ae38451f8d1cd41e152b10fdc230a9e3bbd441991
irregex/src/kernel/regex/linear/parabix/plane.zig	12647	41ce3f69e55f4acbfd9bce80cbe325d27fe0ac4933d6df83131b29d5b1ebc08f
irregex/src/kernel/regex/linear/parabix/stencil.zig	11328	23757e00591442b3a54faf1692ad52e5d46bacb3e2d1b9ee73d15786dc98d7f2
irregex/src/kernel/regex/linear/pike/README.md	2531	d5cbb3d5276e11c0c3762412ca915ee010e373c5fbf93cd5e67bc9b570a95cb2
irregex/src/kernel/regex/linear/pike/closure.zig	6039	8d91ed33a283e3571ae095cccee10c4bf4aa3fd2fd260f372bca2e514537d1e1
irregex/src/kernel/regex/linear/pike/scratch.zig	6787	8069f8eedc1189688a62e252b47813781630f7852b4c1063746084cfaf7f61b1
irregex/src/kernel/regex/linear/pike/search.zig	9527	cb36ae40fdbb198932988d24b873dc0f2b214efe78f091f8d165b2d2554d9b8b
irregex/src/kernel/regex/linear/pike/span.zig	12550	22fce325eb37ff699304eddfd4de089735fbd29845191b9ff4ba213e94576aab
irregex/src/kernel/regex/linear/program/README.md	5054	2d99c8655ee9ad592fc175ac63f20de2e0088724dfe4bef14e78815ec408ee7b
irregex/src/kernel/regex/linear/program/chorus.zig	12767	71681e64d78e0779703f520db49e895c00ebe7b69e86d1d641714d7ff1ef48c2
irregex/src/kernel/regex/linear/program/chorus_test.zig	5121	b08d58636b25d74af13108a7d2e42fd715cef0a6925a814f6dd8b11ed091c4d8
irregex/src/kernel/regex/linear/program/core.zig	17455	01e0d44f65ce0496cda26fc718161ab3dca298548a8d07b5ac0fa1d30a83e50a
irregex/src/kernel/regex/linear/program/core_test.zig	53522	82b4a7f5e382b992cd948bb559b81537074513b4f480336b3867f242c9c1f8d2
irregex/src/kernel/regex/linear/program/lower.zig	23105	f97f4e7840cd5d63edf999351390e1176ac5979005d4b0c7b1088768d5e2ef1b
irregex/src/kernel/regex/linear/program/munch.zig	16785	00e2dec29853f0527113023e1277cd8f82d2f50a585c8252af568e8362e3a029
irregex/src/kernel/regex/linear/program/munch_test.zig	12311	820d90205bb89a5a635cea81abaf5be9cbb40eeeeae46b1935d04c4db9342fe3
irregex/src/kernel/regex/linear/shuffle/README.md	7159	5e2015101812aa65a5aef2b263fdb1e7ce036e80319aac6cc4b68ab5e8ec72b0
irregex/src/kernel/regex/linear/shuffle/shuffle.zig	18366	2a55dc0ea137f5e7437fe66875487481a49a08bbca37e41368d7cba2631298e7
irregex/src/kernel/regex/linear/shuffle/shuffle_test.zig	26327	a9df8d1182d034cfd01daaaffdd9985d0982f31cdb83102eb1ceb2f47640afec
irregex/src/kernel/regex/linear/sieve/README.md	15259	1f0942dc2939a95b7ac2fbadc504f34ec5f35755d939ef12d0f7c631e93d55a3
irregex/src/kernel/regex/linear/sieve/quotient.zig	19985	47320c18224822b4fc9ca542d52d239ce2945860bdb3e4155271d04719ddac4d
irregex/src/kernel/regex/linear/sieve/sheng.zig	10954	b4ed813c685a8e3f558f0c1d9d1aedebec9c503d0716d4e2f93fb4b28263fccd
irregex/src/kernel/regex/linear/sieve/sieve.zig	23542	c256d76647947a2f8c693b6a5f3e6daaefa1a80f1da408c88a3d6d85ac5828de
irregex/src/kernel/regex/linear/sieve/sieve_test.zig	33238	b03ed0264b76fef87b8e505c275a09993c6424764c137f3a14eaba7be000f594
irregex/src/kernel/regex/linear/symbolic/README.md	5206	07193c4c1dd077e736ee994599c5c88b43cab527c0a42b3c8a832f9a5b5d944a
irregex/src/kernel/regex/linear/symbolic/alphabet.zig	10942	adb10da41b454f5529c93958905014641c12e36f24af098294c3bd95eed9249c
irregex/src/kernel/regex/linear/symbolic/decoder.zig	16632	7ed8ec7ce915e67a6c0f93cd4a534ffcc81d48d8e297cb2a42fca10833a91dc9
irregex/src/kernel/regex/linear/symbolic/determinize.zig	11245	7280f166f9dce36ef10b851c613e9dd7b71e489fe3d4613e5c572abc751a7ab6
irregex/src/kernel/regex/linear/symbolic/program.zig	6125	e26e91fc81db59dace34f9a27b175768cd54c2f434fa5c95bda5941a7b2a0a24
irregex/src/kernel/regex/linear/symbolic/symbolic.zig	4071	9de9b211807f55a77720c387fc9ec8ccdd1e7dc7496df4a0e234e245e491e66f
irregex/src/kernel/regex/linear/symbolic/symbolic_test.zig	18326	a9a738591deb816a7c2774c8300173da070718529721084abea82f927e3f0bac
irregex/src/kernel/regex/linear/symbolic/transcribe.zig	16027	136e371b608f10be89deb007f42e114455f3cfe09fb16221ab2c2bd0a928f51b
irregex/src/kernel/regex/matcher.zig	12615	fc333711e887efcb0620ff3242d80b611e356d7435f23697f9e55e8f5ed62cbd
irregex/src/kernel/regex/oracle/README.md	2438	f2880b89ac9f728e976eeebd8fda84fa27ac1d3ee3237ced6cf4f1ba52069be8
irregex/src/kernel/regex/oracle/adversarial_test.zig	73236	e156a12b83319dd6950e5cac8ccf3f3e9df818dbfbb7b6cc2b71ae1ff2ced784
irregex/src/kernel/regex/pcre2/README.md	4340	0f377cba763c01bad6aac9a51d57aee1b0e7cd6a9dc39fa90b90d4a74fee6259
irregex/src/kernel/regex/pcre2/backend.zig	3606	7dcbb2e25dc6cff4b96d414d97e60e86a222056d42025b74090eb65b6db66996
irregex/src/kernel/regex/pcre2/backend_test.zig	21092	27c9ec569bf18132c2a8b2260ae3f061cca205beadc7e670d850e1b3b7b9bbe1
irregex/src/kernel/regex/pcre2/captures.zig	8128	2c51fd6db2b9d1faece63530496fb776a86393d51c9e9d0e9709aa94b246fead
irregex/src/kernel/regex/pcre2/engine.zig	22801	0da54aaa6fe9837f8d14e6c7e99b8a8053b24d9454882fbba284fb276dda416b
irregex/src/kernel/regex/pcre2/ffi.zig	5614	d55cd6cdde0bfd8203e1dbf9ae76c86eefdaff4657ab04c7ddb9fc13c5eff7a9
irregex/src/kernel/regex/pcre2/literal.zig	11874	a2f183ed24fd6b2e50f466ba30b5a1b341f8808f0207161327ddd3f857ba399d
irregex/src/kernel/regex/pcre2/shadow.zig	25842	127cfd6017bde277e63cd0277a891fe5a84a7836fcebcbdfc7b624a81dca0ff1
irregex/src/kernel/regex/regex.zig	10499	d7a7ce3d0887331329573e12bc325ca02dd4992f4895cf9659a0e695cd4713bf
irregex/src/kernel/regex/syntax/README.md	5639	f365ec6a15c2611c4f8558ac6c17125d87a93cff2b658237862b4b762c7a561c
irregex/src/kernel/regex/syntax/assertion.zig	5387	767c4a7078afa06ae8c200ede32f162682562e5cbcc41e290d7abc1383c23500
irregex/src/kernel/regex/syntax/bracket.zig	12153	6871f0c9110f3ba645ecb6e32486234da39d761812323953b7c289e4cb681d1e
irregex/src/kernel/regex/syntax/escape.zig	6328	6732258fb2e900db9fc0e3b5c2c58e5bd15e7c87d5297cbf17216462568fbe3b
irregex/src/kernel/regex/syntax/parser.zig	19216	da369c787236f442f26e2923cc2af33b6475c4dc7418d49a3fc54e4555e3f635
irregex/src/kernel/regex/syntax/scalars.zig	11732	d680d9920d2bccba8516c00899c9f3866e4ac4a89593d055caf6427622e2d98d
irregex/src/kernel/regex/syntax/syntax.zig	3381	2c6e8c8298f9ea383a73abd158bf15b3de39a4428b1651de9d6389c605f93de5
irregex/src/kernel/regex/syntax/syntax_test.zig	25842	ab02c33eacba26865988d8547a31eeda63b03b921fc5f3cb2d7c20f23364e604
irregex/src/kernel/regex/syntax/tree.zig	6433	080b1fee365a3af61af44ab4984130acf3c850de003926e4a56465cabe500350
irregex/src/kernel/regex/syntax/word.zig	10332	8185b12ce31adcdabbc3868bc5533eb567361bcbb5def5ce3aab8496b1c35f76
irregex/src/kernel/regex/unicode/README.md	2304	2be4b2ae65536e0a1f48d33bcd617bc4050c8f6d16b376f92ce50c8fc32fc4e2
irregex/src/kernel/regex/unicode/decode.zig	3654	cf3294d55abb2318565d2bf6c60bea8d2c5858f4238d11e7ec80ad0ca5409de6
irregex/src/kernel/regex/unicode/tables.gen.zig	577028	c0bb2d245b2ad2e378a07a52bac7e4c7f49b7e02b0583ac37c43bf737f80d1ae
irregex/src/kernel/regex/unicode/tables.zig	11017	6eb140ab89513ed93cf25045829f9e1033f6b65ef4cae98e7893a1f666127796
irregex/src/kernel/regex/unicode/utf8seq.zig	11703	26ff799ca5289f2c57a66a0112bfc299d7d257b9ec6ecd7096c1f50e9d26380d
irregex/src/kernel/scan/README.md	8590	149b92d033c411cd46dc948388da59352cbea73a2902796c34c0353e42d7058a
irregex/src/kernel/scan/aho.zig	7888	a660d9eff03e9dddb80d25f4591e09fbb82514d571f181e637398a1d50a3c939
irregex/src/kernel/scan/anchor.zig	46193	e4c4b0980b6d43c324b51f5016380c6f581d1d5c1a342be51b7a5a9d07613f57
irregex/src/kernel/scan/anchor_test.zig	13227	b9d4df0a98b387a2c264612f199e396142bbe4c5ee6b1d38f4d259067ab263e6
irregex/src/kernel/scan/calibrate.zig	33551	3a85f346f83540724a86fc80cc02f405e812212d302dc5e8e92fdb7d533fbfff
irregex/src/kernel/scan/calibrate_test.zig	20702	0363c5f4a9caf65a8453207d2f14aaf0ed5a2428a81b7a6d28e0c854255dead0
irregex/src/kernel/scan/classrun.zig	34265	194ff3d540ba655e239051773290b53d012c472d536fc9a30d24d520aae1459d
irregex/src/kernel/scan/classrun_test.zig	29203	f2ca5050a075ef80e67325290ee73c59421d9c43fd236d59bf1c5a7b26ebca99
irregex/src/kernel/scan/lanes.zig	20930	d35c8b6b538e78470c2b49b2f0117e721dffb77f20163cb9dec3d38e719fb163
irregex/src/kernel/scan/lanes_test.zig	8750	11f4f8e1337d12675c868a16438df9590792891f31271d7e7425a60ce9f2a326
irregex/src/kernel/scan/literal_set.zig	10504	438ab13bf17d9ce59adb4ad19cffc38f21e0997e853172f2b3be8bc075848f0a
irregex/src/kernel/scan/rarity.zig	7426	7d122c5d297ff9accad8514b5be7673a8879bfcd6329967b462f97c3988fd654
irregex/src/kernel/scan/simd.zig	48154	b4746c9578961d39144798b7586aa962b88173819b9e933d176767b4bfaf27a5
irregex/src/kernel/scan/simd_test.zig	15760	8da2171861a57c752276e15a9ed4c17b73217da4c5c5511c80cbeef53d7def30
irregex/src/kernel/scan/teddy.zig	8230	13eeb222f2cdc29bbdc521bcb0018e9794cba0353e97bc45631cd0f832b9d537
irregex/src/kernel/scan/verify.zig	14109	50a2824aa27614eca91c47d041739bbab45705b3857afa07ec657da2e5159403
irregex/src/kernel/slate/README.md	1533	a810fa73ed9f09fffe1979cec47bb94188492214eb34913f69a28412241c3315
irregex/src/kernel/slate/loom.zig	5720	a88c6165a4e32b498aa27866a948d1963cc7249a11e39fbacb5f888303dee368
irregex/src/kernel/slate/loom_test.zig	3930	56d07831bd8c378029e4cf85ada43bf6cbbc46d8c174ae28cec1758f29a39062
irregex/src/kernel/slate/muster.zig	33861	7b33090cf943ad72eb7defde1f058b721ccfc933f3ac77d3830f1bdabf7c9987
irregex/src/kernel/slate/patterns.zig	18150	8382daec19466d3cc7e4fd0701e0cfe32034014c83c92b5be1122e4035aa3b9c
irregex/src/kernel/slate/patterns_test.zig	21376	c3d2fb233ee36a87d029458ebfe50573e35e5f56524d528dca61b8c52457222a
irregex/src/kernel/slate/trawl.zig	14917	16ccc1e5d36332c94c8328985de66bea3fcdb3342c6d30aaf4f6e3e85d8d6cc5
irregex/src/kernel/slate/trawl_test.zig	7962	fe2bdfe13eb6696f36208ec87115fac4ceb1eb5296a5bb787ee830fc56fab82a
irregex/src/portal.zig	37240	1ec0ea233963c475f6f1704a64cf9d862c90a60f7e75c5499c82c96d079616f3
irregex/src/root.zig	36274	241e24a1bfd40904b66e24ce38798d7e2adfc0bebf49d97777c37b6b7fb9fffe
irregex/src/surface/README.md	1545	06d2e270c991726355995d7567e9f30a24d051ad145f16e2c9a69bb5955494a1
irregex/src/surface/api.zig	14951	2501edfe9432a0374668387a3b79572be9def798f6a84c562411354a26b9e715
irregex/src/surface/api_test.zig	6889	30202b35cd4aeab8f6069dfc2fb15042a3b609821aa9fdfdb4fa47b5daf176c5
irregex/src/surface/cli/beacon.zig	38552	ad9597ab5aae6511342b634f7c5f3a2a4c3997ba428d4611816d5542635f6344
irregex/src/surface/cli/beacon_test.zig	17512	ae9546b35cf6c915ceab4ba60e8520feaf6e38b04bdd79c9b2f18fd4d5d71198
irregex/src/surface/cli/emit.zig	5038	23264ea287c71f009db68034ef6573dc26da21a617dcac1eb989451cfcd4afa4
irregex/src/surface/cli/guide.zig	3607	546c8db10ba43641549484833e7aa4e74c085f0f611602f7338f7d83e719341c
irregex/src/surface/cli/jsonstr.zig	10405	36527b5ce941feeea9e73e6e8cfbdb4d72e7e16cc862fc1a03b84afdd1f8743d
irregex/src/surface/cli/outcome.zig	9006	64b9618ce67ca7b9ff7294c9a85a6c00b1576042ce1ce032e584e080d1b8e39f
irregex/src/surface/ffi/answer.zig	6441	0995f37cb2118d570cdd7a659d4ea8432ce8b4d8777502cae9a0987495f16128
irregex/src/surface/ffi/contract.zig	18864	b93555d771d31bd65e5cd88c70bd47d8a68fc0abe24e1d1f32179347a81edba1
irregex/src/surface/ffi/corpus.zig	5096	380c11b64d6dbc0bc433ac460eb568d8164d771e373adcfe2f97dad5177fc91a
irregex/src/surface/ffi/exports.zig	10735	e7037f7ceae8894b9f3ece7b25a09df878eed0ecb09f6227fdd3ea0d94698050
irregex/src/surface/ffi/pattern.zig	34463	51019adecb7ef8e4d12d819f1309633e5f0923bab32e57d0b6b77c10eb4d521d
irregex/src/surface/ffi/rows.zig	20898	9ef11d40d5f7720f1210b2cc34efdf0a06c761dfb2066ba57ed62718b8051ed2
irregex/src/surface/ffi/schema.gen.zig	17549	b916be603547fcf84cc8abfb9862465767ad0287abe0cb125b8bab7056fdab92
irregex/tools/README.md	5667	330e9ab697febc63c0591b31e2c9860284e93bf940c3964323d77f1f445e2e7d
irregex/tools/build_encoding_tables.py	10344	7f9094664a58c4bc61122f492962799cd018eb46d6ce5e41fd910df382aafbcf
irregex/tools/build_rarity_table.py	8626	eba9b1e2a19997e20a4a53004eec4b697f4e6ff06513322724c89e0260600f7b
irregex/tools/build_schema_tables.py	22544	a20f9456b1d64a40d34bbabb833b240cf0faf507b918d2283cc0926523c99b39
irregex/tools/build_unicode_tables.py	11714	5c3f6e36b319d7d90b4681702e61ed7b07cd1ec4952b76751d997ff1cbfee588
irregex/tools/registry_readme.py	8981	b4b0f6a21d6541b97f2e4e502fc368b090f8eaa11ae25cb01108e37fef4d20fa
irregex/tools/sync_contract.py	5679	377642777cc36ab21da96a766fc47ddc2448cc14b5b4a88c7b4810090265c6f1
irregex/tools/ucd/CaseFolding.txt	86092	6f1f9c588eb4a5c718d9e8f93b782685e5c7fec872cf05e8e6878053599e09bb
irregex/tools/ucd/DerivedCoreProperties.txt	1115959	39d35161f2954497f69e08bdb9e701493f476a3d30222de20028feda36c1dabd
irregex/tools/ucd/DerivedGeneralCategory.txt	274423	7676ab755a41ef82108460238569e60ad65c191ddafe61b36c6765ec1353f293
irregex/tools/ucd/LICENSE.txt	1995	e7a93b009565cfce55919a381437ac4db883e9da2126fa28b91d12732bc53d96
irregex/tools/ucd/PropList.txt	144253	53d614508e2a0b2305a8aa21cd60d993de9326cdf65993660dfcce4503548583
irregex/tools/ucd/README.md	2269	b868a9995e456229afd50e5f7ad45e768b10620ccde82b2fbad429fb828660cc
irregex/tools/ucd/Scripts.txt	189588	9e88f0a677df47311106340be8ede2ecdacd9c1c931831218d2be6d5508e0039
irregex/tools/version_parity.py	6675	a50523307b320a713c49fdbefe08225ee81de672adb1bea2c87429854ee63bb2
irregex/tools/whatwg/README.md	2712	f34bb44dfc530007f50ee19fb920bbf9aac0cdcafa23c9c08b1457444b1bc9ac
irregex/tools/whatwg/encodings.json	8913	078212b3697f60b81225b6671bd9da2604497abff0aa8e96e4d46605c02ac9e7
irregex/tools/whatwg/index-big5.txt	688943	08e24270c8e95d998c994c03f907e972480dc01f58743e078654cc466203c8ff
irregex/tools/whatwg/index-euc-kr.txt	671621	89af20dd867c84cefb710b1790229786cfef2bf11916361a210d81b90381e267
irregex/tools/whatwg/index-gb18030-ranges.txt	3110	874c6b6f6f74cf7d427ad228d5b41ddd9354fffd92a2259bf429f86e6baa7a1e
irregex/tools/whatwg/index-gb18030.txt	843967	746b3c55f1a8ec4b90b451f384437a17fd37cd51cd668456a28071a758d10784
irregex/tools/whatwg/index-ibm866.txt	6039	1796f4955dbc5c94e3951a940e9250c819580ce5dd1c9ac396ef73a26e938264
irregex/tools/whatwg/index-iso-2022-jp-katakana.txt	2530	185c3c20c896eca514cde0aabf570523d3ae3624d0a3d39f71455f2d3ff0e207
irregex/tools/whatwg/index-iso-8859-10.txt	5677	6c1863fca2ad99eed23cc77cce075fcd3cac6bd7b50a584d3067456c2180f16e
irregex/tools/whatwg/index-iso-8859-13.txt	5410	5c5fe48042ef633a88d1aeed72dd3a2e1fb5202b70c5b7696b53e76ac5e56752
irregex/tools/whatwg/index-iso-8859-14.txt	5818	310ec047fbd33d8c02de309f0bc8562e453e7d873cc2093005a5d954fc8f0032
irregex/tools/whatwg/index-iso-8859-15.txt	5357	1171d20bd7c98b5755e8802480d2799527a99847531284cd8d860ffda7cde449
irregex/tools/whatwg/index-iso-8859-16.txt	5704	e7bee177fdf60c5167b7c44351cd25f51caf9780889493c7855c0eb222a31660
irregex/tools/whatwg/index-iso-8859-2.txt	5550	86a09a772c5ff8631dc47b8838f0b7751dc31d53fd2eb4262f0fc858e638468b
irregex/tools/whatwg/index-iso-8859-3.txt	5214	d49c03f3e8cab4fbf861b4471ce121beb937dbd56dfd3106b997326c4b97da0d
irregex/tools/whatwg/index-iso-8859-4.txt	5522	d93b8b6606e1a12ccf28418a629911b497cb7a354c8a740207992059c50917b3
irregex/tools/whatwg/index-iso-8859-5.txt	5162	b42bf0bb8d49701efbd8c0fb2bc7330985ce84c576ac51efe86aeff6b47aea5d
irregex/tools/whatwg/index-iso-8859-6.txt	2844	84b979a90c6a4fb2a2dffe37994647cd4836f918550b46d329b0d798f4b84d52
irregex/tools/whatwg/index-iso-8859-7.txt	4986	fc1d4295d73dfd0dd6e1b2c2ee3de7a52c6e94ddb09358161d02a2adb08a5151
irregex/tools/whatwg/index-iso-8859-8.txt	3077	25a8f4366e7935f2c5d59f34e59c400683a1df86546776e7d4e527ae7235cc9e
irregex/tools/whatwg/index-jis0208.txt	275768	341dcde7e8b984e9c7bbf5ed75c8da7c6087d47083a1a2b3ed558bfd5bef9468
irregex/tools/whatwg/index-jis0212.txt	210734	6ac698a473822b282ff4f4d4f17873b970612ef9bd232e03941854c09b67c7ee
irregex/tools/whatwg/index-koi8-r.txt	5978	482889b92f244a03fd33ceee13a248a5fd479a3d1633019cc3b21910b8824f52
irregex/tools/whatwg/index-koi8-u.txt	5899	3b8bfcaa2b7fb125e9790cc4964c4c9e51eee2c9c6e2a80ba7dfd8901546a2c6
irregex/tools/whatwg/index-macintosh.txt	5531	5e2b0aa162f3032cf6c96a119f59f698da80c16d58014080a6bd246d7ade3c38
irregex/tools/whatwg/index-windows-1250.txt	5842	857f28be0681aae376f1671ab388d8e141cff9648a68803b53887bfdf950f464
irregex/tools/whatwg/index-windows-1251.txt	5518	bf29b6293d8b5f8011804c575b78a3b589a3fd6a4ace29ff788e3445157a13c0
irregex/tools/whatwg/index-windows-1252.txt	5667	2c5fa192d566f92b8b9e6e116255b1f94016b4ece5b9dacb3b98be70b8c60795
irregex/tools/whatwg/index-windows-1253.txt	5173	38390cd918ac2c78c47be62bd486598e7d129e0adceb140c8a7f0165ddbbf3f5
irregex/tools/whatwg/index-windows-1254.txt	5658	88b7acb81b616bec879521d371eee5766b9306eb050b814e4dce9468e0725822
irregex/tools/whatwg/index-windows-1255.txt	4388	4a3ca10dd8ef4ce06b929f6bf66d7ea8932ab3c06e07162b0f8a9536a692e6ac
irregex/tools/whatwg/index-windows-1256.txt	4974	a3e9e6fcf4c3eda90275c791d5d7dad08700374ebe67b17cabdfff1e48f984c1
irregex/tools/whatwg/index-windows-1257.txt	5478	7e56420f3460befff856365b37733f9eabc1342e82be5999ce34c5eb518fddda
irregex/tools/whatwg/index-windows-1258.txt	5521	2236cdac45f5970629881d09908d13af96965f1c67617160734cbefb54aa3176
irregex/tools/whatwg/index-windows-874.txt	4624	81b42398e8bef2acc004f38ed6ae2c4d162dfdc367e5ddfcb1cb752ac8814a1e
irregex/tools/whatwg/index-x-mac-cyrillic.txt	5485	a01be0035d0cfbb8da0af780eeb6e7c6169ab26d748d03d15ccd4cd969c5b786
irregex/towncrier.toml	1883	d03c3e2b2bad14b82d2791bc59118dcc262ced9b728059c3f3fc70fd776780b8
relate/CHANGELOG.md	60387	acd04b30d2457fcbe343e0924589d3ab21380b75b28e62e63aff0aeb1bd888ad
relate/CODE_OF_CONDUCT.md	8311	e09e061dd53d4abc8e989a3fbd1f0b9d3ee58db5770c0e15406642037fdfaf5c
relate/CONTRIBUTING.md	14345	41c52dbe6a84b8d04bd2c5fe6a49780f2f7e1308fe25387f140fe8b5bf1265fe
relate/LICENSE	11348	f44fd94e7ccf9753e145a55ddf826169f6c0b5f89bcf1d02532711adf5bc1f88
relate/NOTICE	713	7c88bddab29107aeb45295022f17b61e8fadfc1e2465bff9d10ca658189aa0c6
relate/README.md	31445	8eb710de9eb7b2536c1c0bc8b3d4d7abc72d4411525a10efddc2ce57e744da11
relate/SECURITY.md	7985	005bd19356f67ae6f9a342deed46f8cd22f9a8e822fda51fbb61a321b896ac9d
relate/bench/bounds/codex/README.md	3418	04ac6add028d4862e9c9c89160dc4c565fdaa6424a25a30476a88909e0a97e73
relate/bench/bounds/codex/race.sh	4034	92cb747e69f29f8bbea991a362a97a59da46c3c364fc64a94cf993d698ae5629
relate/bench/bounds/codex/scale.zig	14026	cf1aa82aca643b1caa15cd5a3948e2db50579f78e6248d31188a79758d2dbb2d
relate/bench/conformance/relate/README.md	2563	e52e0722ebd285e74fdd3acf072055adfafd7b32cd1f64ef60500ebe48762012
relate/bench/conformance/relate/knn.zig	13641	6f4d7fd013668f25d0741e730d59355a5c085cd5904cf8711f7ee8d3825507af
relate/bindings/go/README.md	1140	0409cd58978b5d019c8e5e5103e481b16ff8e8d5e5599baeaf8ce4e2361cd9a6
relate/bindings/go/go.mod	906	b3b9bf807ca3694f72c343e4127ce42130e0fd501fdfe5b1fe3360afb660a64a
relate/bindings/go/go.sum	215	73e10e1e36eeb9f6609699d2153b505d55d220bb8efb23ecafa0d45a02511cbd
relate/bindings/go/kinship.go	10686	39d936b40d340500280e899f467a203073d17afffdeec19127ba89a16d95360a
relate/bindings/go/link_ffi.go	457	da8cf18b24b587a5ae5565aea978e7b087a984f17ca59c885790140afd18e215
relate/bindings/go/main_test.go	2058	a62c4f7b414c28c2d2c7e4bc1397791b68ac3c3663243ccc8bc6aae9add17388
relate/bindings/go/relate_test.go	10147	36dabdccc5e6bebd4391277d20f6b23c8983fe1d00012f591e3bb61906009dbe
relate/bindings/go/retrieval.go	5064	8bd326c45f55636d584e8769b3dac10278ac92e58cc8d0e8a3fb9a1211056bb9
relate/bindings/go/tiers_test.go	3200	af31bbcd9f72073bdae6c4ad957c69a44a3e8b7eab22b8dbb52cc9199f74cc97
relate/bindings/python/README.md	4610	3833a1461668da30bba08962931028de8f1621ec08e75dab197841242b77cd9c
relate/bindings/python/hatch_readme.py	3438	5d49e3afa9c3c69ca56ecae1b18a1061c3630d94a5d9328580c7c9d8992536f1
relate/bindings/python/pyproject.toml	5224	f60310b3b99f29a0ccfc9df62d6d9509f16cd0a3816399659b6861bf751f21fb
relate/bindings/python/relate/README.md	733	4049a810e27f88816c25e5be627f774220691ca20f58c0edc0d10cfd96f6395b
relate/bindings/python/relate/__init__.py	2027	594c5e4229b091a85b6420001b9a69387d70b854a50f92c385d5d365f9dff1aa
relate/bindings/python/relate/corpus.py	10425	d04b7606c76cdae76afae3a68e450c427dc467b2b99d37632af48a1def57b586
relate/bindings/python/relate/kinship.py	19758	1ea528b7ca893df652a95aaeea38b0cca329aa893d012348a747a73e1f8e4e6d
relate/bindings/python/relate/lifecycle.py	4920	f7cc6742b859326970aa3d9531c0f331bd3052d07210d5245056fb96f85b4270
relate/bindings/python/relate/retrieval.py	12249	ca964adcdf8dd93e1529947f8dbdca41e51d0be24a2e182c6e2c33198ae49e66
relate/bindings/python/relate/sweep.py	5284	e2b0f4b82228f355d02492aac60a3801deaa30ae781ffbd2f8431d665dd8d014
relate/bindings/python/tests/README.md	253	e6154a6d6eeb2223bc714f6c6853a7e7ad52636f57404408e190bfeac3a5f0bb
relate/bindings/python/tests/test_atlas.py	4578	088cb1723b961c6dd73491f900a505fe25d319d24654c926e932eb9735bed380
relate/bindings/python/tests/test_description.py	5365	bed233d92e2d20da86aa3f145ce6e4af199216543ca50dfe691e55d102b09139
relate/bindings/python/tests/test_grade_parity.py	8845	e04b95e54cb4c661269988ec015d066b08f5253e750cf1980dde56d14305e35a
relate/bindings/python/tests/test_kinship.py	22898	0cda1d26f9f31baaf84e152de927bf8e81cef8cb082fa25ed9f8b72c3a34d56b
relate/bindings/python/tests/test_packaging.py	12495	9f7c529899b35bce391c25c5dcd9945cd092443667d9e9f8f832459e7a49a6c5
relate/bindings/python/tests/test_retrieval.py	6799	37850952772be6ab63eee8b2c4fa480ebe8e6b95a91002972e04976867092bf7
relate/bindings/python/uv.lock	13863	d19f70120f60b60e7bb43d9965d2202ed256b25ba50fbc283006c7bcdc167f7c
relate/bindings/rust/Cargo.lock	5561	bb8e91f30b5a89b467fe6fe5aa37ac3aea69b95f0acfb3fe808c53616231b6fb
relate/bindings/rust/Cargo.toml	2505	6af21610b25379f82209c0a5a896a6ed33d26e0170dda98b82d3f8c967ea753f
relate/bindings/rust/README.md	1302	92f6408a281ab2ba2a1176f09f5c85db4ab31ac1c17537f436aca98a0aa2c627
relate/bindings/rust/clippy.toml	422	2ac48c17a2701dd5d65902cec5ad10688c48a0de5351c07935b0de478b5e3707
relate/bindings/rust/deny.toml	1480	23fbed4ce4d37394cb25f02e2d9014baf0435e19c3f0653c0b64af90ef581d3b
relate/bindings/rust/rust-toolchain.toml	334	79cf06b4cc38cadf0f113c013629d2ad46ea35c68aca1a5ed71a28e2d4875bca
relate/bindings/rust/rustfmt.toml	1129	df0c3eba5b5e6d1c59a5b866f41e2805eecc00a3aa1d24cb2ff981ea3a7f3b87
relate/bindings/rust/src/README.md	472	cd7ca51ae9c24c8d9b2651f73651d5e6df6bf826abf67ec5224b3b264ba71ce0
relate/bindings/rust/src/kinship.rs	11224	ad614e2378d47ce827bc75980334379f560beb07ecc8381c4605aed3b71a2d2d
relate/bindings/rust/src/lib.rs	4551	dc073e989bcf2d082574023dc1ea610ae5d75539b216b48e2661baf9571068a7
relate/bindings/rust/src/retrieval.rs	3370	82917cfc100a3f14138ebc3be8a37118e7bfd2aeb39c0a61f225c55865b3089a
relate/bindings/rust/src/sweep.rs	5856	117ee65651ff54551847fe264c767da9ab601fb74f41516c6fc5082b8a5f5dac
relate/bindings/rust/tests/README.md	452	2c5880257a856dd10324c02bca768a2009f009c670f792079a7f1aa0a95ff0b3
relate/bindings/rust/tests/analytic.rs	9510	ff4714faeaf38f16c8a4017af4511dba2580839859a4200aea24f3c6b0f15d73
relate/build.zig	12627	75ea844641b05bc413b71d7cdeafbab216ecab5f820d31a16eef13e040a91e5e
relate/build.zig.zon	1242	15679ea478053cb448b72d4a63a354b2450aa6764bd20d4c06dd16ec17bc34e1
relate/changelog.d/+the-install-guide-predated-the-packages.fixed.md	838	66d6921997ada7c1843485d336f3dc61d0451874d9c995e79dd456d6f8f351eb
relate/contract/kinship.toml	16324	2f5ac2038d45be0fe0875b1eb75f72b3f5ae012181d09de4089af7f4a2ac7ada
relate/contract/relate.zone	4383	478f8ade12d79214bbc01c486397f428d02a3ca9aad0518e730eb46a3082914e
relate/include/README.md	331	e73d4f7c25f23efc83344295c4d4dd12539fa55ac6967d04c55b544e9351d6aa
relate/include/relate.h	4378	722e7595b47c389db784d072930d06ce5f19f8ee6590b686fd56dfc413855bf9
relate/install.ps1	3850	771a5e542d5b78d2f6fb7a7ee7f7472bc4805b7bed4240d6b72f7a44bb7fed48
relate/mise.lock	7680	4ff9fba55c6f7ebd8376fb31f31f8c2765cc87289a5bef3531c19597880e9222
relate/quality/ruff.toml	309	84b0853f9bc31b61cb12c506b04d169f8f36595f167a398dff742f962c178464
relate/release-please-config.json	3898	e400ff0fcc10e24dc21925c529617eb27b2ee99146f8434ad8defea51ce80795
relate/research/relate/CLAIM.md	9627	62c5c5d963476a89d5bec4856801597cc4ec057f31926466e127963f1b714d5d
relate/research/relate/PRIOR_ART.md	17263	6dfa36cd687b187a9763e203c21d64268ce3452721a64427264a11a4d0785854
relate/research/relate/README.md	3822	bd83a4acfcd7a79fbde3ed63f11aa1fb56623656344d3d89d5ad0fa25ad13fa9
relate/research/relate/TESTING.md	6342	b5237a9035c14347f2641d8d058df7e920cab4dfd67e3f946d8cb03ec19ac06a
relate/src/corpus/index/atlas/README.md	1999	aa45a16a01902d53ccf8442351ad2be88a457a3e0d5a66ae9268fd3f8af9f7e7
relate/src/corpus/index/atlas/atlas.zig	15973	23741d1049dced290edf4ec2468d586940bdfe5bc0a15f8c732b6b3f950c8e74
relate/src/corpus/index/atlas/atlas_test.zig	10725	144b470e4d815140f4320408b3b495b58c6a1bbc8af1fb266fc6ef1ccf6446a1
relate/src/corpus/index/frag/README.md	2084	8f5f8215a4288fa29876b7b18f0b7deea730f6153825de7cb7dfb080c70cc371
relate/src/corpus/index/frag/frag.zig	17261	d64c953cd4d7e48bc473a26c8b6b0a20d4bb3cc6038f85b4e7fd6b576273faf1
relate/src/corpus/index/frag/frag_test.zig	9383	5b2c6abe06e6ef0016aefeaa7fe0d00ac3e38dbb1e4fe00e4c94f4bc17170947
relate/src/exec/retrieval/README.md	492	8984269f1c007d7b8a0b90b47f25b38ee93198729371df0b7a14d73b1b7d520a
relate/src/exec/retrieval/retrieval.zig	21396	3d653e6832de2e6d23b3a4780e373c21015b7d81b29f0e852dd9336e9927f793
relate/src/exec/session/warm/retrieval.zig	16344	3560964fa87387cbd40a1d2e9dff82ab149d9a94809b6fe581293900c0fe2fac
relate/src/kernel/anatomy/README.md	1127	1bc195287911611df8b982ad40f587c06200692a76ab5b36cb2ad8992fe77195
relate/src/kernel/anatomy/leans.zig	57522	1cad6cbbb7b140e67a05a8e8ebb9d0f76c6fc1b17b08344131efa89dde093971
relate/src/kernel/anatomy/spans.zig	13394	135ddcc7fe8411ab5deb9634428cd486bb7e07c9d5fa57a8d2e8227c3eb651cb
relate/src/kernel/anatomy/token.zig	902	86aadb040c5349e0a823e560f3162ea230f3a85aea18750d4484d27e2757d5f1
relate/src/kernel/codex/README.md	748	e9a649b3563ce62a43ef3482b1ad71a788bc719b1c50245be8d6b01d06f6648c
relate/src/kernel/codex/cento.zig	5566	ab37c9c68dd896c7d64d061f696ac7295493c6660deac05dd8e98da54427240f
relate/src/kernel/codex/cento_test.zig	5736	04da023660d6619582cf8486bea921b9054ee533a0fb19772f8861bc90e5b965
relate/src/kernel/compose/README.md	4330	970eb2d2c477bdd3263fb511b66c4bb1f3c9674c10564ff2265a27ab9414a996
relate/src/kernel/compose/blast.zig	39947	de8b394227d63a7280d8fbd565acbb380500c052767225796df5323308a34663
relate/src/kernel/compose/candidates.zig	5730	c53e0735d8cce4b78cfc66e8b82585fef64bd383e2ae341cc809c2e8dc8354f2
relate/src/kernel/compose/candidates_test.zig	6460	59e20c2d63d1460a28138c7213bb4332f8318a408e7bdebfe72b56c2e8a0a1d3
relate/src/kernel/compose/context.zig	7550	42b33b1ee71757ef75f48206f5afcc28b878dcb6d8b48d474962f7a2e0c85a14
relate/src/kernel/compose/family.zig	15485	3730da47d833eeeb657da9b1dfc6539bcc38dd0a65eeae28f736c8ddc6c6721a
relate/src/kernel/compose/provenance.zig	5285	8b35804d64edce8ccf71a518a31710250b102b008b2cde764470613d4698db22
relate/src/kernel/compose/regions.zig	12212	9d14db2a6719643ff61ca103b901cabeb1d95f74c1ddea5c9e9d67c7093668b7
relate/src/kernel/kinship/README.md	2746	c5a312cfa2ea873197b869cbfa0f9cd7334af03472de2e0a739222c6942feed7
relate/src/kernel/kinship/cluster/README.md	1672	5f79453de0ac572082761b942f4e11e10f67643b5f097948a9772495005ec17e
relate/src/kernel/kinship/cluster/echoes.zig	50083	1da9fcbbd7d54ceeb5f5483555081d39c2cf7d9dfc0bc2be10e0ced39f473eec
relate/src/kernel/kinship/cluster/families.zig	5467	98fd292ad026b58766a978bcc2ccb0bd04b8415b22b2410dd7d5d89df7d4e40f
relate/src/kernel/kinship/cluster/pairs.zig	5000	6883dada49c63e06ec458f6831b5a03d763f34343ee01475330ddff001271144
relate/src/kernel/kinship/metric/README.md	2162	60f61f5b1cc6859877c86a00ec6db8cfa7b21a5904776be59eeeeaad07233728
relate/src/kernel/kinship/metric/channel.zig	13281	3ee7313f3d7f0504c3023d8c0d88fb2e03ddedc4bfaa2c012e63e126a885cace
relate/src/kernel/kinship/metric/fingerprint.zig	6372	cc412d2c8e2d66adb04708b61f7c2e12c4d63a64d43ffca00d933e0504e6c4f0
relate/src/kernel/kinship/metric/silhouette.zig	11568	1725a5024ee696b33a5ae08faed9490a3f8b0b924bc1f86d0f7e7f2ce133c5b3
relate/src/kernel/kinship/metric/silhouette_test.zig	5809	3c092750bbbdb00944bb6b5aa06edc3684d3fef4db478fb5f780fc36fcc2c11c
relate/src/kernel/kinship/metric/sketch.zig	18546	b411799459653208a186cc9a9af84408118ee3bb9170755530a1a023794dcb8a
relate/src/kernel/kinship/metric/sketch_oracle_test.zig	10920	c840451b57ec9d136c7c5857851ffbf7ecd1572862857e07c7201c70f5a84ffc
relate/src/kernel/kinship/metric/sketch_test.zig	11073	d34b5a649a74d1e50508de7db06a5e0e6fa64fccd411e60a96ad2c9f6f626dbc
relate/src/kernel/kinship/recall/README.md	1683	b8a0789b180ac64de425aa329e693532fed61ee16af80d1d689f24e3766e8ff4
relate/src/kernel/kinship/recall/coverage.zig	25215	7eb4ba391bef1feaca0e3c30224f800382b472bd27cd9f56d93c81b440648399
relate/src/kernel/kinship/recall/lexicon.zig	12251	e1cc9006a141e825c005eba7010e79522c6520a9cb9b8915ee9dba5162b6264e
relate/src/kernel/kinship/recall/lexicon_test.zig	15266	0e2a01e337ba8c0728c5ae0485fb31494cc4b2e49e86bcbd3bf51bcafee0774d
relate/src/kernel/kinship/recall/zipper.zig	10401	cd3ce70c9239249abd76a8a1c9d96923e7af604d4632eec92af64e28b079f141
relate/src/root.zig	8893	8c8ce9bd64ffa30d83048e2eded9c06b66a5e7cf701c3bef6572633515a1f248
relate/src/surface/README.md	523	f1ce770b54569078fbbfa037a40e0e6375b705084de0095b67286f340afcafeb
relate/src/surface/cli/README.md	3254	6ccad684b48248978bcb5c311e6977d6a18c88b60047944adaaa1def2cac47a0
relate/src/surface/cli/flags.zig	3913	380bf025fbb3ac3dce95f3f896611b025004cfeb56db51ac0292f78cdc10deb9
relate/src/surface/cli/grade.zig	23430	ee8be30fcd8b8c5c0c0b74a40a2456ff733d94e276b4707962ec0890fa47d0f4
relate/src/surface/cli/manifest.zig	30202	62fa01a733e91b4521b23ed42745a48da72a110ba4bcf938918fa24540c0c590
relate/src/surface/cli/reprise.zig	10149	54dc737000ddb4e98e9e2330a4fcc82a31c7ebd666820c1dbd7b08c31589f9c7
relate/src/surface/face/README.md	1906	ae286b49b642166af246714ff3fcf19962fe786a802f548ef596f88e8b96d586
relate/src/surface/face/echoes.zig	12262	3a431aaff1ad27881751a54dfdc45aa44360dc82d1b3b15d49e48775f1de15a8
relate/src/surface/face/kinship.zig	12045	ee3312b7f0ef537ccf8160416c8a7705e367c25c270f92e8d9287ec911b189a3
relate/src/surface/face/lifecycle.zig	8969	09257ecf6ff72f85b96744fefc612ffd94610c8ba003a7d8eafedf1ae0f04262
relate/src/surface/face/main.zig	1802	9f9c429706b23f1bf0871681abc1d4310a3d6c86a06aac505d16f7a0686c6306
relate/src/surface/face/options.zig	18702	809082fb7b86d93899bf7b2e0a206f55a42d655117c99ac16844c29c01dd4691
relate/src/surface/face/pack.zig	20351	2516754fb50fe921d51ce14afb83d6ea9547d304144d2e4e3b9a68ab77fc1242
relate/src/surface/face/patterns.zig	18025	5fa8c16a0cea8279048002d0dc0323bd948802dd394b7efe52e0435c659e129b
relate/src/surface/face/quote.zig	5382	71d72ce54a23e964d1addd6c188dbd5800bd38fc2c55d3768963f4d75b3b0db8
relate/src/surface/face/repertoire.zig	25417	febfcd7f656361916113e9f0dccc4a7fccc5af89d39bb8cdc317c83bcb058cf3
relate/src/surface/face/similar.zig	25418	7e25f0c5c93f1dc3c0fe4af2c0fa0c60050397150dad8aa0b5ac0c3e1f91e6fb
relate/src/surface/face/units.zig	28572	c61f86dd9786d625acac5cb6f5d77cd60ffe9498b7be84247cfc01d980ec9c02
relate/src/surface/ffi/README.md	989	698a516dba60753165fd530176cab8c16965d1b910d341081a31545226461bc4
relate/src/surface/ffi/analytic.zig	12977	f72e7016968acbb48b9ecf00ef6b448e96bb4289c99a61f2ddfede74534b2fae
relate/src/surface/ffi/exports.zig	1408	19f3f744e32e60ca15ecd42dd7fde4d5968fa2f57aa5b180ac663f685ff15d9b
relate/tools/README.md	3192	3a4ea4e9e3ac5695c5bc05a2b021cc27f0591ae1cbf8a0dfa7a725b23310f97a
relate/tools/registry_readme.py	8981	b4b0f6a21d6541b97f2e4e502fc368b090f8eaa11ae25cb01108e37fef4d20fa
relate/tools/version_parity.py	6281	1180a985b6417f98c6d0b80af5843caa90cf189406516561ca7bfcbc798472de
relate/towncrier.toml	930	ac264333a464baa6a1f0287fd31995cefb79c4e05ba68343fc7a12b8ecd76d48
